funding_time,funding_rate,mark_price
1704067200000,0.00037409,42313.90000000
1704096000000,0.00027213,42525.11019858
1704124800000,0.00033601,42811.29637234
1704153600000,0.00065846,44230.20000000
1704182400000,0.00035179,45494.65069858
1704211200000,0.00053730,45212.27632624
1704240000000,0.00021159,44975.18398936
1704268800000,0.00017123,45030.40000000
1704297600000,0.00010000,42995.80000000
1704326400000,0.00010000,42849.50000000
1704355200000,0.00010000,42774.30000000
1704384000000,0.00010000,44048.47574468
1704412800001,0.00010000,44147.00000000
1704441600000,0.00010000,43772.86349645
1704470400000,0.00010000,43495.10000000
1704499200000,0.00010000,44143.29000000
1704528000000,0.00010000,43651.65376950
1704556800000,0.00010000,43863.60000000
1704585600000,0.00010000,43968.00030496
1704614400001,0.00010000,44071.99074823
1704643200001,0.00010000,44037.12014539
1704672000000,0.00010000,43909.50000000
1704700800000,0.00010000,43970.00000000
1704729600000,0.00010000,44964.26529433
1704758400001,0.00010000,46972.60000000
1704787200000,0.00010000,46838.74650709
1704816000000,0.00010000,46872.40000000
1704844800000,0.00010000,46114.00000000
1704873600000,0.00010000,45766.40000000
1704902400000,0.00010000,45570.58561702
1704931200000,0.00010000,46657.58933688
1704960000000,0.00010000,46096.00527305
1704988800000,0.00010000,46789.70540426
1705017600001,0.00010000,46341.69723404
1705046400000,0.00010000,46008.31871986
1705075200000,0.00010000,44492.64061702
1705104000000,0.00010000,42789.00000000
1705132800000,0.00010000,43102.10000000
1705161600001,0.00010000,43159.76276596
1705190400000,0.00010000,42847.30638298
1705219200000,0.00010000,43011.58925532
1705248000001,0.00010000,42908.40000000
1705276800000,0.00010000,41739.60000000
1705305600000,0.00010000,42716.86510638
1705334400000,0.00010000,42278.82404255
1705363200000,0.00010000,42519.39276596
1705392000000,0.00010000,42785.20319149
1705420800001,0.00010000,43252.80000000
1705449600000,0.00010000,43140.21576950
1705478400000,0.00010000,42657.36403546
1705507200000,0.00010000,42480.14668590
1705536000001,0.00010000,42781.95793262
1705564800000,0.00010000,42915.94085106
1705593600000,0.00010000,42618.30000000
1705622400000,0.00010000,41312.34723404
1705651200000,0.00010000,41282.00000000
1705680000002,0.00010000,40897.10000000
1705708800000,0.00010000,41662.10000000
1705737600003,0.00010000,41650.68431818
1705766400000,0.00010000,41568.28595745
1705795200000,0.00010000,41693.91453546
1705824000000,0.00010000,41648.18463415
1705852800000,0.00010000,41652.70000000
1705881600000,0.00010000,41578.57680851
1705910400000,0.00010000,41041.20808511
1705939200000,0.00010000,40767.10361702
1705968000000,0.00010000,39566.15381552
1705996800000,0.00010000,39777.14965957
1706025600000,0.00010000,39204.77723404
1706054400000,0.00010000,39891.92865530
1706083200000,0.00010000,39973.35340426
1706112000000,0.00010000,40048.44006491
1706140800000,0.00010000,40078.80000000
1706169600001,0.00010000,40122.98766288
1706198400000,0.00010000,39799.30407092
1706227200001,0.00010000,39953.30000000
1706256000000,0.00010000,39957.97820833
1706284800000,0.00010000,41408.24000758
1706313600000,0.00008966,41806.40000000
1706342400000,0.00010000,41699.00000000
1706371200000,0.00008300,41797.40000000
1706400000000,0.00010000,42102.20000000
1706428800000,0.00004725,42370.00000000
1706457600000,0.00010000,42244.50000000
1706486400000,0.00010000,42021.30000000
1706515200001,0.00009142,42040.00000000
1706544000000,0.00010000,42626.51582979
1706572800000,0.00010000,43287.70000000
1706601600000,0.00009492,43346.60000000
1706630400001,0.00005149,43355.40000000
1706659200000,0.00002154,42925.49865957
1706688000000,0.00010000,43040.12039716
1706716800000,0.00010000,43348.20000000
1706745600000,0.00010000,42563.08635461
1706774400000,0.00010000,42182.20000000
1706803200002,0.00010000,42500.13148936
1706832000000,0.00010000,43072.60000000
1706860800000,0.00010000,43085.75394326
1706889600000,0.00010000,43224.06110638
1706918400000,0.00007627,43182.00000000
1706947200000,0.00009042,43037.00000000
1706976000001,0.00008028,43098.79023050
1707004800000,0.00008307,42993.33852128
1707033600004,0.00008846,42824.48293972
1707062400000,0.00010000,42926.70000000
1707091200000,0.00010000,42570.40000000
1707120000000,0.00010000,43059.00000000
1707148800000,0.00010000,42629.60000000
1707177600000,0.00010000,42693.59276950
1707206400001,0.00006723,42875.22371986
1707235200000,0.00010000,43232.25541135
1707264000000,0.00007527,43079.10000000
1707292800000,0.00005373,42904.80000000
1707321600000,0.00008306,43052.50000000
1707350400000,0.00010000,44326.22497872
1707379200000,0.00006535,44499.74975887
1707408000000,0.00002590,45411.12230496
1707436800000,0.00003160,45269.20000000
1707465600000,0.00010000,46189.13810284
1707494400001,0.00009801,47136.90000000
1707523200001,0.00008041,47116.64691288
1707552000000,0.00010000,47132.38896970
1707580800000,0.00010000,47334.57771120
1707609600000,0.00010000,47734.61973485
1707638400001,0.00010000,48169.53924621
1707667200000,0.00010000,48145.85068561
1707696000000,0.00010000,48298.07332955
1707724800000,0.00010000,48206.78867803
1707753600000,0.00010000,49919.40000000
1707782400000,0.00010000,49935.64595076
1707811200000,0.00010000,50016.04285106
1707840000000,0.00010000,48753.20000000
1707868800000,0.00010000,49697.29248227
1707897600000,0.00010000,49841.90018794
1707926400000,0.00012283,51610.33415603
1707955200000,0.00010000,51816.90327305
1707984000000,0.00010000,51802.40000000
1708012800000,0.00010000,51961.58883688
1708041600000,0.00010000,51899.10000000
1708070400000,0.00010000,51779.57268794
1708099200000,0.00010000,51909.30000000
1708128000000,0.00010000,52145.88278014
1708156800000,0.00010000,51934.00000000
1708185600000,0.00016041,51013.40000000
1708214400000,0.00017240,51675.01974242
1708243200000,0.00015305,51697.70652273
1708272000000,0.00017095,51809.00000000
1708300800000,0.00023064,52163.39962677
1708329600000,0.00019594,52423.90000000
1708358400000,0.00013327,52158.90000000
1708387200000,0.00010461,51813.08142803
1708416000000,0.00010912,51868.89496454
1708444800000,0.00020259,51703.73815248
1708473600000,0.00010000,52297.40000000
1708502400000,0.00011242,51595.13521986
1708531200000,0.00010000,51183.70000000
1708560000001,0.00010000,51877.90000000
1708588800001,0.00013480,51856.75509429
1708617600000,0.00012557,51630.00000000
1708646400000,0.00010000,51315.77902837
1708675200000,0.00010000,50947.90000721
1708704000000,0.00012991,50934.48172469
1708732800000,0.00010000,50759.00207801
1708761600001,0.00010000,51094.97830142
1708790400000,0.00010000,51124.60000000
1708819200001,0.00011438,51601.57573485
1708848000000,0.00015012,51747.27246212
1708876800000,0.00015062,51547.90000000
1708905600000,0.00026761,51758.94718182
1708934400000,0.00021567,51326.60957197
1708963200000,0.00027227,52868.43844318
1708992000000,0.00032262,54511.60000000
1709020800000,0.00073521,56100.10000000
1709049600000,0.00022965,56772.28422340
1709078400000,0.00026729,57074.35007447
1709107200000,0.00023682,58285.92319504
1709136000000,0.00053538,60999.30823050
1709164800000,0.00069091,62477.48158640
1709193600000,0.00076337,62755.48857737
1709222400000,0.00057031,62809.10000000
1709251200000,0.00053322,61203.40000000
1709280000000,0.00064824,61474.21160638
1709308800000,0.00046010,61335.40000000
1709337600000,0.00033426,62426.84994681
1709366400001,0.00057174,62071.90000000
1709395200000,0.00056396,61834.60000000
1709424000000,0.00046267,62039.90000000
1709452800000,0.00042989,61641.10000000
1709481600000,0.00044598,62210.70000000
1709510400000,0.00055071,63178.60000000
1709539200000,0.00046833,64120.50000000
1709568000000,0.00063620,66504.19310494
1709596800000,0.00048960,68296.40000000
1709625600000,0.00082969,66223.70000000
1709654400000,0.00088148,66840.70000000
1709683200000,0.00036280,63737.46570213
1709712000001,0.00033876,66733.45835461
1709740800000,0.00049354,66534.41841489
1709769600000,0.00030311,66118.62122727
1709798400000,0.00040984,66447.80000000
1709827200000,0.00054217,67317.10000000
1709856000000,0.00034819,66869.90000000
1709884800000,0.00043497,67302.03139394
1709913600000,0.00062913,67699.70000000
1709942400000,0.00019134,68174.99267730
1709971200001,0.00031281,68336.40000000
1710000000000,0.00026407,68340.09113121
1710028800000,0.00031010,68360.10000000
1710057600000,0.00063451,69424.70837234
1710086400000,0.00054479,69254.70000000
1710115200000,0.00035489,69000.00000000
1710144000000,0.00078428,71203.54634442
1710172800000,0.00066396,72056.40000000
1710201600000,0.00044470,72153.90000000
1710230400000,0.00045300,72175.50000000
1710259200000,0.00047935,71771.34852113
1710288000000,0.00033224,71506.80000000
1710316800001,0.00064420,72962.13824516
1710345600000,0.00045402,72670.20000000
1710374400001,0.00024393,73120.70119365
1710403200000,0.00038753,73280.70000000
1710432000000,0.00038258,70904.40000000
1710460800000,0.00038515,71453.22446454
1710489600000,0.00014328,68487.40000000
1710518400000,0.00015306,68191.10550016
1710547200000,0.00010000,69517.88923404
1710576000000,0.00023202,69477.38707245
1710604800000,0.00020813,68423.44776418
1710633600000,0.00013089,65350.90000000
1710662400000,0.00017773,65688.60000000
1710691200000,0.00024827,68006.97658156
1710720000000,0.00020181,68448.00000000
1710748800000,0.00030597,68259.58774823
1710777600001,0.00027195,67509.10000000
1710806400000,0.00026923,67648.11833623
1710835200000,0.00029065,64738.78331206
1710864000001,0.00024018,64080.74999621
1710892800000,0.00015847,61974.00000000
1710921600004,0.00018388,62996.50000000
1710950400000,0.00010000,63641.40592860
1710979200000,0.00010403,67863.70000000
1711008000000,0.00019304,67030.14523864
1711036800000,0.00019510,66589.30761364
1711065600000,0.00016271,65538.70000000
1711094400000,0.00010000,66217.13622340
1711123200000,0.00011993,63904.42918440
1711152000000,0.00010000,63813.37344681
1711180800000,0.00010000,64606.50000000
1711209600000,0.00010806,65141.71509220
1711238400000,0.00010351,64020.30000000
1711267200000,0.00014616,64622.20133333
1711296000000,0.00015884,65710.93932745
1711324800000,0.00025549,67255.74783333
1711353600001,0.00016324,66866.60000000
1711382400000,0.00028815,69837.28693262
1711411200000,0.00021963,69920.50000000
1711440000000,0.00018348,70516.73747518
1711468800000,0.00026764,70307.10000000
1711497600000,0.00028757,70039.82099291
1711526400001,0.00029551,69776.11503546
1711555200000,0.00043631,68921.69195390
1711584000000,0.00024195,69532.60000000
1711612800000,0.00029899,70449.15108511
1711641600000,0.00029430,71320.02090780
1711670400000,0.00018250,70833.58536170
1711699200000,0.00025456,69853.35957447
1711728000000,0.00030170,69219.28912057
1711756800000,0.00019624,69898.73039007
1711785600000,0.00032267,69902.00000000
1711814400000,0.00034360,70057.72494050
1711843200000,0.00032351,69636.36575177
1711872000000,0.00039889,70353.76273404
1711900800001,0.00040301,70446.10000000
1711929600000,0.00070161,71363.00000000
1711958400000,0.00033491,69636.12130851
1711987200000,0.00027469,68284.83075177
1712016000007,0.00010926,69700.00000000
1712044800015,0.00010000,66501.27906028
1712073600000,0.00016456,64922.16995035
1712102400000,0.00010000,65488.95697163
1712131200000,0.00010000,66172.55866471
1712160000000,0.00010000,65867.40000000
1712188800000,0.00010000,65971.50290071
1712217600000,0.00010000,66097.48730496
1712246400000,0.00010000,67631.70000000
1712275200000,0.00010000,68489.80000000
1712304000000,0.00010000,66931.37729274
1712332800000,0.00010000,68207.38882979
1712361600000,0.00010000,67823.48319149
1712390400000,0.00010000,67985.20000000
1712419200000,0.00010000,68094.00000000
1712448000000,0.00010000,68892.19809220
1712476800000,0.00010000,69367.40000000
1712505600000,0.00010000,69560.34690071
1712534400001,0.00010000,69362.70000000
1712563200000,0.00010000,70726.91580142
1712592000006,0.00035189,71815.70000000
1712620800000,0.00020915,71675.67700000
1712649600001,0.00020603,70434.57300709
1712678400001,0.00019061,69302.80935461
1712707200000,0.00011929,69189.20000000
1712736000001,0.00012457,69375.34143262
1712764800000,0.00010000,68687.90000000
1712793600000,0.00013979,70674.32305943
1712822400000,0.00020153,70780.71202837
1712851200000,0.00019763,70045.90000000
1712880000000,0.00011258,70048.05615603
1712908800001,0.00025630,70825.90000000
1712937600000,0.00012214,69375.10000000
1712966400000,0.00010000,67148.90000000
1712995200000,0.00010000,67466.10000000
1713024000001,0.00010000,67683.10000000
1713052800000,0.00010000,63925.03126241
1713081600000,0.00010000,64455.64639007
1713110400000,0.00010000,64164.20358156
1713139200000,0.00010000,65624.38156028
1713168000001,0.00001759,66235.58104965
1713196800000,0.00010000,64545.80000000
1713225600001,0.00005953,63392.80000000
1713254400000,0.00009525,63487.90000000
1713283200000,0.00003513,61753.05706383
1713312000000,0.00006375,63775.62900000
1713340800000,0.00003574,63257.26621277
1713369600000,0.00006534,60280.74173759
1713398400000,0.00006937,61254.50000000
1713427200000,0.00005982,61154.70000000
1713456000000,-0.00003334,63474.00000000
1713484800001,-0.00003120,63445.00000000
1713513600000,0.00006641,64517.90000000
1713542400000,0.00005880,64425.67251773
1713571200000,0.00010000,63787.40000000
1713600000000,-0.00000766,63937.90000000
1713628800000,0.00004204,64779.48886525
1713657600000,0.00003186,64905.14994326
1713686400000,-0.00002093,65110.09575935
1713715200000,0.00008271,65016.22880142
1713744000000,0.00004409,64912.60000000
1713772800000,0.00002497,65943.87257447
1713801600000,0.00000898,65964.30000000
1713830400000,-0.00001236,66788.36807801
1713859200000,0.00005240,66080.00000000
1713888000001,-0.00001083,66380.60000000
1713916800000,0.00001413,66386.30000000
1713945600000,0.00005302,66593.33268794
1713974400000,0.00007047,64598.80000000
1714003200000,0.00007020,64255.45886525
1714032000000,0.00004069,63991.24963830
1714060800010,0.00001140,64103.02705674
1714089600001,0.00001709,64478.70000000
1714118400000,0.00000685,64238.35636879
1714147200000,0.00005562,63481.30000000
1714176000000,0.00010000,63748.80000000
1714204800001,0.00007470,62944.20000000
1714233600000,0.00002834,62930.38454610
1714262400000,0.00001006,63426.63009929
1714291200000,-0.00002081,63883.10000000
1714320000000,0.00002782,63508.60000000
1714348800000,0.00002472,63088.40000000
1714377600000,0.00005544,62367.26310638
1714406400000,0.00006828,63012.00000000
1714435200000,0.00009740,63832.20000000
1714464000000,0.00009154,63123.70000000
1714492800000,0.00010000,60771.32493617
1714521600000,0.00010000,60651.10000000
1714550400000,0.00008946,57476.70000000
1714579200000,0.00009902,56865.26551064
1714608000000,0.00006634,58312.12589362
1714636800000,0.00006169,57646.04275887
1714665600002,-0.00000123,59229.39228369
1714694400000,-0.00001549,59037.02063121
1714723200000,-0.00003764,59158.10000000
1714752000000,0.00008091,61662.10000000
1714780800000,0.00002703,62853.70000000
1714809600000,0.00007455,62933.77334752
1714838400000,0.00006265,63590.00000000
1714867200000,0.00006906,63864.20000000
1714896000000,0.00000647,63702.80847518
1714924800000,0.00003893,64398.10000000
1714953600000,0.00000602,63988.00000000
1714982400000,-0.00001031,64510.20934752
1715011200000,0.00007746,63607.85171631
1715040000000,0.00006064,63142.80000000
1715068800000,0.00001581,63649.00000000
1715097600000,0.00009028,63715.90033333
1715126400000,0.00004891,62295.90000000
1715155200000,0.00005553,62186.70000000
1715184000000,0.00009292,62251.90000000
1715212800000,0.00005648,61162.48592199
1715241600000,0.00003315,61227.65535461
1715270400000,0.00007253,62124.75106383
1715299200000,0.00001026,63050.10000000
1715328000000,0.00005934,63053.80000000
1715356800000,0.00007653,60902.45242553
1715385600000,0.00008881,60778.10000000
1715414400000,0.00003771,60989.66753191
1715443200000,0.00005067,61148.13121277
1715472000000,0.00002604,60809.20000000
1715500800000,0.00002830,60804.40000000
1715529600000,0.00010000,61395.90000000
1715558400001,0.00010000,61455.70000000
1715587200001,0.00008469,62307.64358156
1715616000000,0.00009151,62977.10000000
1715644800000,0.00009866,62917.60000000
1715673600000,0.00010000,62003.15186525
1715702400000,0.00004392,61749.90000000
1715731200000,0.00010000,61551.95992663
1715760000000,-0.00000385,62161.81007092
1715788800000,0.00002373,64699.90000000
1715817600004,0.00002103,66176.31760993
1715846400000,0.00005148,66106.70102128
1715875200000,0.00003543,65800.00000000
1715904000000,0.00004647,65217.80000000
1715932800000,0.00000815,66352.72417461
1715961600000,-0.00000298,67165.60000000
1715990400000,0.00000628,66981.43681585
1716019200000,0.00008012,66856.73875177
1716048000000,-0.00000792,66782.78803546
1716076800000,0.00003339,66889.61222695
1716105600000,0.00005210,67299.09055319
1716134400000,0.00004779,66863.00000000
1716163200000,0.00005607,66239.40000000
1716192000000,0.00002479,66793.11759574
1716220800003,0.00002552,67388.60888652
1716249600000,0.00010000,71464.47075887
1716278400001,0.00010517,70922.67915603
1716307200000,0.00010000,69865.29020567
1716336000000,0.00010000,70161.66021986
1716364800000,0.00015759,69757.98929787
1716393600000,0.00010000,70485.70000000
1716422400000,0.00010000,69216.74829078
1716451200000,0.00010000,69769.14902128
1716480000000,0.00010000,68101.47424823
1716508800000,0.00010000,67999.90000000
1716537600000,0.00010000,67186.21074468
1716566400000,0.00010000,68340.20000000
1716595200000,0.00010000,68575.85285816
1716624000000,0.00010000,68775.00000000
1716652800000,0.00010000,68945.95530496
1716681600000,0.00010000,69310.33024113
1716710400000,0.00010000,69359.20000000
1716739200000,0.00010000,68863.88640426
1716768000000,0.00010000,68524.30000000
1716796800000,0.00010000,68661.10000000
1716825600000,0.00010000,70420.53890071
1716854400000,0.00010000,69461.60000000
1716883200000,0.00010000,67712.00000000
1716912000000,0.00010000,68397.00000000
1716940800001,0.00010000,68437.69424823
1716969600000,0.00010000,67984.30000000
1716998400000,0.00012558,67420.50000000
1717027200000,0.00010000,67686.70000000
1717056000000,0.00010000,67624.98587234
1717084800000,0.00010000,68559.01355319
1717113600000,0.00014599,68397.31618440
1717142400000,0.00012268,68221.71889362
1717171200000,0.00010000,67252.70000000
1717200000000,0.00010000,67570.93117730
1717228800000,0.00010000,67672.36980851
1717257600001,0.00010250,67722.94709929
1717286400000,0.00010000,67799.30000000
1717315200000,0.00010000,67743.00000000
1717344000000,0.00010000,68189.90000000
1717372800000,0.00010000,67806.00000000
1717401600000,0.00014135,68949.97496454
1717430400000,0.00010000,69637.74636879
1717459200000,0.00012008,68851.30000000
1717488000000,0.00010000,69048.97910492
1717516800000,0.00010000,70485.89790071
1717545600000,0.00010000,70580.10000000
1717574400000,0.00016387,71237.17573050
1717603200000,0.00013226,71625.20000000
1717632000000,0.00010000,71133.30000000
1717660800008,0.00010438,71073.71043287
1717689600000,0.00011770,71332.40630496
1717718400000,0.00010000,70830.00000000
1717747200000,0.00010000,71147.90000000
1717776000000,0.00010166,71150.00000000
1717804800000,0.00010000,69377.00000000
1717833600000,0.00010000,69612.10561702
1717862400000,0.00010000,69462.10000000
1717891200000,0.00010000,69346.50000000
1717920000000,0.00010000,69331.90000000
1717948800001,0.00010000,69530.20000000
1717977600000,0.00010000,69667.10000000
1718006400000,0.00010000,69325.20000000
1718035200001,0.00010000,70074.60734043
1718064000001,0.00010000,69558.70000000
1718092800000,0.00010000,67582.10000000
1718121600000,0.00010000,66260.45943972
1718150400000,0.00010000,67316.36897872
1718179200000,0.00010000,67453.49152482
1718208000000,0.00010000,69735.43100000
1718236800000,0.00010000,68269.15138298
1718265600001,0.00010000,67724.69510638
1718294400000,0.00010000,66469.37042553
1718323200000,0.00010000,66782.29009220
1718352000000,0.00010000,66907.91765957
1718380800000,0.00010000,66387.61166667
1718409600000,0.00010000,66039.70000000
1718438400000,0.00010000,66076.87574468
1718467200000,0.00010000,66311.90000000
1718496000001,0.00010000,66213.73051773
1718524800000,0.00010000,66249.40000000
1718553600000,0.00010000,66693.21286525
1718582400000,0.00010000,66658.12655319
1718611200000,0.00010000,66147.30000000
1718640000000,0.00010000,65341.90000000
1718668800000,0.00010000,66472.00000000
1718697600000,0.00008236,65646.30000000
1718726400000,0.00010000,64676.43110638
1718755200001,0.00010000,65150.00000000
1718784000001,0.00004127,65295.00000000
1718812800000,0.00002967,64895.42413059
1718841600000,0.00003934,64946.30757887
1718870400000,0.00005953,65831.30000000
1718899200000,0.00006879,64801.04885816
1718928000000,0.00003344,64853.90000000
1718956800000,0.00007328,64180.80000000
1718985600000,0.00010000,63712.00000000
1719014400000,0.00010000,64124.00000000
1719043200000,0.00004146,64490.10000000
1719072000000,0.00010000,64283.46988652
1719100800000,0.00010000,64242.51785816
1719129600000,0.00002307,64390.00000000
1719158400000,0.00004676,64071.80000000
1719187200002,0.00009534,63195.00000000
1719216000000,0.00010000,62433.70000000
1719244800000,0.00007488,60823.20000000
1719273600000,0.00007447,60273.50000000
1719302400000,0.00005949,60660.00000000
1719331200000,0.00007752,61776.00000000
1719360000002,0.00010000,61780.09841844
1719388800000,0.00010000,61705.30000000
1719417600000,0.00010000,61440.20000000
1719446400000,0.00010000,60860.38514894
1719475200001,0.00010000,60787.35553191
1719504000000,0.00010000,61570.50000000
1719532800000,0.00010000,61682.00000000
1719561600000,0.00010000,61331.02739716
1719590400000,0.00010000,61048.94459574
1719619200001,0.00010000,60430.21393617
1719648000000,0.00010000,61049.49890071
1719676800000,0.00010000,61108.14415603
1719705600000,0.00010000,60982.40000000
1719734400000,0.00010000,61529.93914894
1719763200000,0.00010000,61714.61340426
1719792000000,0.00010000,62766.17652482
1719820800000,0.00010000,63263.85829787
1719849600001,0.00010000,63120.00000000
1719878400000,0.00010000,62892.46180142
1719907200000,0.00010000,62620.94928369
1719936000000,0.00010000,61944.23702128
1719964800000,0.00010000,62123.60000000
1719993600001,0.00010000,60874.01737589
1720022400000,0.00010000,60178.96865957
1720051200000,0.00010000,60207.90000000
1720080000000,0.00010000,58214.00000000
1720108800000,0.00010000,58124.90000000
1720137600000,0.00010000,57045.15234043
1720166400000,0.00010000,54397.50000000
1720195200000,0.00001762,56623.90000000
1720224000000,0.00005729,56609.00000000
1720252800000,0.00007512,56580.08132624
1720281600000,0.00003250,57289.27111519
1720310400001,0.00008164,58216.10000000
1720339200000,0.00010000,57346.86809929
1720368000000,0.00010000,56806.20000000
1720396800000,0.00007905,55831.00000000
1720425600000,0.00008222,55825.20000000
1720454400000,0.00010000,55736.19858865
1720483200000,0.00010000,56698.83177305
1720512000001,0.00000861,57102.60000000
1720540800000,0.00010000,57453.43046809
1720569600000,0.00010000,58026.14114894
1720598400000,0.00009225,58951.04627293
1720627200000,0.00005485,57662.34192199
1720656000002,0.00010000,57707.00000000
1720684800002,0.00010000,58164.76708511
1720713600004,0.00010000,57382.80000000
1720742400000,0.00006378,57315.50000000
1720771200000,0.00003026,57079.05523404
1720800000000,0.00004037,58188.90000000
1720828800000,0.00008319,57870.00000000
1720857600000,0.00006865,58141.96051064
1720886400000,0.00010000,58808.50000000
1720915200000,0.00008737,59174.73812179
1720944000000,0.00003710,60031.33100709
1720972800000,0.00008342,60057.37801174
1721001600000,0.00004590,60766.10000000
1721030400000,0.00003202,62821.11483688
1721059200000,-0.00000514,62992.91414894
1721088000000,-0.00005062,64698.64956738
1721116800000,0.00008814,62881.80000000
1721145600000,0.00002717,64838.40000000
1721174400000,-0.00003419,65003.03756738
1721203200001,0.00001775,65236.46422695
1721232000000,0.00002143,64695.80000000
1721260800000,0.00000689,64057.30000000
1721289600000,0.00001546,64643.70000000
1721318400000,0.00003127,63509.56961702
1721347200000,0.00004029,63959.90000000
1721376000000,0.00004855,63673.90000000
1721404800000,0.00004606,65799.90000000
1721433600001,-0.00003077,66630.29244681
1721462400000,0.00001944,66526.30000000
1721491200000,0.00001622,66796.90000000
1721520000000,-0.00005313,67097.72309220
1721548800000,0.00002194,66669.90000000
1721577600000,0.00000646,67132.78455319
1721606400000,0.00009136,68138.00000000
1721635200000,0.00005953,67210.40000000
1721664000000,0.00002769,67044.40000000
1721692800000,0.00004709,67506.49399291
1721721600000,0.00004310,66548.50000000
1721750400000,0.00004642,66569.95526950
1721779200000,0.00010000,65916.81524113
1721808000000,0.00010000,66049.92706383
1721836800000,0.00010000,66152.14151773
1721865600000,0.00010000,65361.80198582
1721894400000,0.00010000,64115.10000000
1721923200000,0.00010000,64773.30000000
1721952000000,0.00010000,65773.94198582
1721980800000,0.00010000,66873.70000000
1722009600000,0.00003340,67528.00000000
1722038400000,0.00006547,67882.60000000
1722067200000,0.00008022,68018.10331915
1722096000000,0.00009109,68821.90000000
1722124800000,0.00008180,67873.80000000
1722153600000,0.00009177,67521.26054610
1722182400001,0.00002804,67624.30000000
1722211200001,0.00008361,68217.60072340
1722240000000,0.00005623,69510.60000000
1722268800001,0.00010000,68069.42346099
1722297600000,0.00003396,66757.24782979
1722326400001,0.00003562,66914.00000000
1722355200000,0.00007691,66198.00000000
1722384000000,0.00003063,66159.40000000
1722412800000,0.00007178,66196.40000000
1722441600000,0.00003826,66354.40000000
1722470400000,0.00008208,64603.59964539
1722499200000,0.00010000,64307.13363121
1722528000000,0.00010000,62888.50000000
1722556800000,0.00010000,65328.90000000
1722585600001,0.00010000,64160.17275887
1722614400000,0.00010000,63400.10768182
1722643200000,0.00010000,61483.70000000
1722672000000,0.00009788,61636.00000000
1722700800001,0.00004247,60859.15415152
1722729600000,0.00010000,60684.50000000
1722758400000,0.00005343,60349.10000000
1722787200000,0.00010000,59053.40000000
1722816000000,0.00010000,58139.09001515
1722844800000,0.00004429,52660.00000000
1722873600000,0.00005967,54294.50000000
1722902400000,0.00003566,53971.90000000
1722931200000,-0.00002845,55979.00000000
1722960000000,0.00004485,56380.14818939
1722988800000,-0.00000730,56008.69646212
1723017600001,-0.00006859,56898.70000000
1723046400000,0.00003241,56071.41872727
1723075200001,0.00002637,55102.90000000
1723104000000,0.00003086,57165.60000000
1723132800000,0.00001147,59389.00000000
1723161600000,0.00004994,61663.62178788
1723190400000,0.00002184,60844.10000000
1723219200000,0.00004846,59787.29595455
1723248000000,-0.00003942,60808.70000000
1723276800000,-0.00001379,60811.14373041
1723305600000,-0.00001949,60480.60000000
1723334400000,0.00004049,60895.44640282
1723363200000,-0.00001839,61223.30000000
1723392000001,0.00001185,60099.90000000
1723420800000,0.00001113,58693.20000000
1723449600000,0.00008783,58648.02703788
1723478400000,-0.00002238,60168.80000000
1723507200000,0.00006140,59323.60000000
1723536000000,0.00000521,59209.36612879
1723564800000,-0.00003902,59442.45730303
1723593600000,0.00001152,60555.47966301
1723622400000,-0.00001330,60887.30000000
1723651200000,-0.00007811,59394.60000000
1723680000000,-0.00008488,58650.36321970
1723708800000,0.00006339,58031.90000000
1723737600000,-0.00006181,59650.62388636
1723766400000,-0.00011235,57515.28405303
1723795200000,-0.00007387,58423.30000000
1723824000000,-0.00000557,58045.46367376
1723852800000,0.00001912,58854.90000000
1723881600000,0.00004177,59225.59061702
1723910400000,-0.00000152,59357.70000000
1723939200000,0.00003966,59468.40000000
1723968000000,-0.00001323,59545.70132624
1723996800000,-0.00003149,59828.80000000
1724025600000,-0.00003616,58390.10000000
1724054400000,-0.00006750,58475.40000000
1724083200002,-0.00001957,58509.48917021
1724112000000,-0.00002656,59400.10000000
1724140800000,0.00001349,60896.58465248
1724169600001,0.00001419,58792.37545390
1724198400001,-0.00006756,58985.38036170
1724227200000,-0.00000591,59691.00000000
1724256000001,0.00000396,59485.90000000
1724284800000,-0.00002229,61120.00000000
1724313600000,0.00001338,60952.89699291
1724342400008,-0.00007261,60380.30032624
1724371200000,-0.00003329,60349.90000000
1724400000000,0.00002391,61045.00000000
1724428800000,-0.00004317,61506.00000000
1724457600000,-0.00000772,64019.90000000
1724486400005,-0.00000723,64275.98188652
1724515200000,0.00006395,63943.40000000
1724544000000,-0.00004806,64121.80289362
1724572800000,-0.00001531,63838.28217730
1724601600000,0.00003108,64099.90000000
1724630400000,0.00002439,64199.94505674
1724659200001,0.00003448,63603.30000000
1724688000000,0.00003789,63497.83796772
1724716800001,0.00002795,62814.12365957
1724745600000,0.00001751,62881.10000000
1724774400000,0.00007753,61679.03746099
1724803200000,-0.00006803,59384.40000000
1724832000000,0.00002433,58578.22751773
1724860800001,0.00001143,58971.68549645
1724889600000,-0.00000976,59009.80000000
1724918400001,-0.00001644,59548.90000000
1724947200000,0.00000559,60751.00000000
1724976000000,0.00000936,59327.53246099
1725004800000,0.00003578,59250.58815603
1725033600000,0.00002927,58062.70000000
1725062400000,-0.00001749,59096.30000000
1725091200000,0.00003578,59064.62867843
1725120000000,0.00003800,58984.31889362
1725148800000,0.00004113,58946.20000000
1725177600001,-0.00003432,58444.10000000
1725206400000,-0.00000382,58184.10000000
1725235200001,-0.00003386,57282.92417730
1725264000001,0.00000248,57523.30000000
1725292800000,-0.00000363,58508.00000000
1725321600000,0.00006245,59112.20000000
1725350400001,0.00005123,59081.16408511
1725379200000,0.00004598,57707.54824823
1725408000000,0.00002209,57459.26375177
1725436800000,0.00001050,56717.40000000
1725465600000,-0.00001470,58106.16636170
1725494400000,0.00009016,57944.70000000
1725523200000,0.00002025,57133.18525532
1725552000005,0.00002490,55956.39174468
1725580800000,0.00002280,56152.37044681
1725609600001,-0.00000001,55768.60000000
1725638400000,0.00001428,54026.02394326
1725667200000,-0.00000557,53930.71899291
1725696000000,-0.00007634,54264.40569504
1725724800000,-0.00007236,54749.71812057
1725753600000,0.00003745,54134.90000000
1725782400000,-0.00005999,54411.50000000
1725811200000,-0.00005245,53664.80000000
1725840000000,-0.00007585,54843.61724113
1725868800000,-0.00007108,54949.93416312
1725897600001,-0.00003875,55360.30000000
1725926400000,-0.00006028,57013.68687234
1725955200000,-0.00002930,57184.48985106
1725984000000,-0.00001126,56563.08885816
1726012800000,-0.00008953,57609.10000000
1726041600000,-0.00002247,56675.10000000
1726070400000,-0.00005212,56681.42923404
1726099200000,-0.00001951,57307.10000000
1726128000000,-0.00000546,58106.41579433
1726156800000,-0.00002950,57475.10176596
1726185600000,-0.00000069,58097.00000000
1726214400001,-0.00000869,58079.80000000
1726243200001,-0.00002443,59630.00000000
1726272000000,-0.00008699,60456.10000000
1726300800000,0.00000859,60110.40000000
1726329600001,0.00002326,59845.55360993
1726358400000,-0.00000491,59964.00000000
1726387200000,0.00000001,60167.31814380
1726416000000,0.00000402,60304.70000000
1726444800000,0.00002402,59100.61031206
1726473600001,0.00003564,58874.99142553
1726502400000,0.00006762,57861.15358865
1726531200001,0.00008529,58186.90000000
1726560000000,0.00001911,58668.20000000
1726588800000,0.00005327,61111.00000000
1726617600000,0.00001344,60281.00000000
1726646400000,0.00001678,60402.69697726
1726675200004,0.00004648,59407.05478014
1726704000000,0.00003512,61728.59070213
1726732800000,0.00002949,62054.80000000
1726761600001,0.00004072,63127.98222695
1726790400000,0.00008065,62929.30000000
1726819200001,-0.00000503,63494.40000000
1726848000000,0.00005543,63115.60000000
1726876800001,0.00004638,63181.22999291
1726905600000,0.00010000,63062.62952171
1726934400000,0.00008234,63146.60000000
1726963200000,0.00006285,63320.70000000
1726992000000,0.00009254,62909.30000000
1727020800000,0.00005537,62628.23061702
1727049600000,0.00006546,63558.50000000
1727078400000,0.00001364,63519.90000000
1727107200000,0.00005304,63589.80000000
1727136000000,0.00002324,63303.39994326
1727164800000,0.00002895,63531.97252482
1727193600001,-0.00000182,63128.90000000
1727222400000,0.00001223,64243.20000000
1727251200003,0.00001141,63815.43419858
1727280000000,0.00001336,63470.00000000
1727308800005,0.00001650,63121.20731206
1727337600000,0.00006246,63823.40000000
1727366400000,0.00010000,65195.98735461
1727395200000,0.00010000,65144.38297872
1727424000000,0.00006722,65443.46173050
1727452800000,0.00002275,65974.85614184
1727481600000,0.00005455,65749.60000000
1727510400001,0.00008300,65794.28179433
1727539200000,0.00001414,65595.27422695
1727568000001,0.00000725,65826.65036170
1727596800000,0.00003128,65444.82504255
1727625600000,0.00007253,65720.00000000
1727654400000,0.00003077,65571.63404255
1727683200001,0.00007939,64539.00000000
1727712000000,0.00010000,63535.70000000
1727740800000,0.00010000,63313.79948227
1727769600000,0.00010000,64017.00000000
1727798400001,0.00010000,62631.58188652
1727827200000,0.00006632,60789.16184397
1727856000000,0.00008409,61703.76278014
1727884800000,0.00008191,61851.64026950
1727913600000,0.00004381,60622.60000000
1727942400000,0.00003746,60908.25041844
1727971200000,0.00004990,60606.40000000
1728000000000,0.00007097,60727.20000000
1728028800000,0.00002119,61405.54564539
1728057600001,0.00000243,61839.90000000
1728086400000,-0.00001596,62056.30000000
1728115200000,0.00001088,62049.40834043
1728144000000,0.00000861,62137.44147431
1728172800000,0.00000572,62030.78465150
1728201600001,0.00003288,61921.90959612
1728230400000,0.00004180,62692.35314894
1728259200000,0.00004573,62791.83731206
1728288000000,-0.00000952,63510.00000000
1728316800001,0.00002177,63633.19230496
1728345600000,-0.00001678,62199.75722695
1728374400000,0.00007094,62291.40000000
1728403200000,0.00008100,62259.90000000
1728432000000,0.00010000,62133.03330496
1728460800000,0.00005138,62243.96385816
1728489600000,0.00007939,62285.30000000
1728518400000,0.00002090,60607.48575935
1728547200000,0.00001532,60874.85382979
1728576000000,0.00010000,60768.62359574
1728604800000,0.00002231,60293.80800440
1728633600000,-0.00001874,60648.44046099
1728662400001,0.00000120,62225.57043262
1728691200000,0.00004558,62509.00000000
1728720000001,0.00007664,62734.47038298
1728748800000,-0.00001489,63124.80000000
1728777600000,0.00000693,63175.90000000
1728806400000,0.00001638,62818.90000000
1728835200000,0.00003938,62195.20000000
1728864000000,0.00005429,62841.10753191
1728892800000,0.00010000,64603.73577305
1728921600000,0.00010000,65853.81444681
1728950400000,0.00010000,66064.90000000
1728979200000,0.00010000,65638.30000000
1729008000000,0.00010000,65994.70000000
1729036800000,0.00008325,67048.63902128
1729065600001,0.00008500,66948.90000000
1729094400000,0.00010000,67726.00000000
1729123200000,0.00010000,67594.01401418
1729152000000,0.00010000,67281.31711348
1729180800001,0.00010000,67561.80000000
1729209600010,0.00010000,67406.17999291
1729238400001,0.00010000,67956.37085840
1729267200000,0.00010000,68710.00000000
1729296000000,0.00010000,68407.90000000
1729324800000,0.00010000,68328.80000000
1729353600000,0.00010000,68210.10911959
1729382400000,0.00010000,68357.10000000
1729411200000,0.00010000,68350.38066857
1729440000000,0.00010000,68605.00000000
1729468800000,0.00010000,69021.90495965
1729497600000,0.00010000,68513.88736170
1729526400000,0.00010000,67349.29462411
1729555200000,0.00010000,67368.70000000
1729584000000,0.00010000,67387.30000000
1729612800000,0.00010000,67271.54104965
1729641600000,0.00010000,67410.62232624
1729670400000,0.00010000,66838.00000000
1729699200000,0.00010000,66207.10773050
1729728000000,0.00010000,66649.66592908
1729756800000,0.00010000,67104.50000000
1729785600000,0.00010000,67672.84020567
1729814400000,0.00010000,68175.57805674
1729843200000,0.00010000,67503.60000000
1729872000000,0.00010000,67667.15595745
1729900800000,0.00004755,66679.84317682
1729929600001,0.00007569,66982.64575316
1729958400000,0.00010000,66864.20000000
1729987200000,0.00010000,67071.90000000
1730016000000,0.00009724,67174.80000000
1730044800000,0.00010000,67760.95565906
1730073600000,0.00009425,67997.20000000
1730102400001,0.00010000,68395.69875177
1730131200000,0.00008946,68463.40000000
1730160000000,0.00010000,69940.00000000
1730188800000,0.00010000,70992.07872340
1730217600004,0.00010000,72382.82027660
1730246400000,0.00010000,72738.79255319
1730275200000,0.00010000,72244.90000000
1730304000013,0.00010000,72060.36978723
1730332800000,0.00010000,72350.66829787
1730361600000,0.00010000,72417.80000000
1730390400000,0.00010000,70637.76350697
1730419200000,0.00010000,70318.15929787
1730448000000,0.00010000,69300.16876596
1730476800000,0.00010000,69380.64255319
1730505600000,0.00010000,69496.19465248
1730534400000,0.00010000,69813.99829787
1730563200000,0.00010000,69396.79744681
1730592000000,0.00010000,69366.60000000
1730620800000,0.00010000,68395.17851064
1730649600000,0.00010000,68096.02508511
1730678400000,0.00010000,68762.50000000
1730707200000,0.00010000,68602.86114394
1730736000000,0.00010000,68623.66917730
1730764800000,0.00010000,67836.62865957
1730793600003,0.00010000,68876.00000000
1730822400001,0.00010000,69604.99425532
1730851200000,0.00010000,69353.10000000
1730880000000,0.00010000,73423.50465248
1730908800000,0.00010000,74299.90773050
1730937600000,0.00010000,75575.32614894
1730966400000,0.00010000,74800.00000000
1730995200000,0.00010000,76075.60378723
1731024000000,0.00010000,75854.54638298
1731052800000,0.00010000,76170.90000000
1731081600000,0.00010000,76423.30000000
1731110400000,0.00010000,76485.96961235
1731139200000,0.00010000,76525.24098582
1731168000000,0.00010000,76305.60000000
1731196800000,0.00010000,76676.09297872
1731225600000,0.00025603,78858.20000000
1731254400000,0.00014113,79735.10000000
1731283200001,0.00036878,80409.90000000
1731312000000,0.00010000,81147.80000000
1731340800000,0.00010000,84108.24075887
1731369600002,0.00049133,88729.00000000
1731398400000,0.00043737,89095.40000000
1731427200000,0.00038754,86642.44216434
1731456000000,0.00010000,87964.81392908
1731484800010,0.00013101,87398.59256270
1731513600000,0.00021856,92602.70000000
1731542400001,0.00010000,90413.12446212
1731571200000,0.00010000,90818.90000000
1731600000000,0.00010000,87998.09286364
1731628800000,0.00010000,87376.26048485
1731657600000,0.00010000,87691.73393182
1731686400000,0.00010977,88485.40000000
1731715200001,0.00010000,91074.60000000
1731744000001,0.00010000,91172.07627273
1731772800000,0.00013231,90578.00000000
1731801600000,0.00015765,90607.94334091
1731830400000,0.00010000,90599.90000000
1731859200001,0.00010577,90309.70000000
1731888000000,0.00010000,89891.57867424
1731916800000,0.00036450,91793.76963166
1731945600000,0.00021318,92413.93032576
1731974400000,0.00021606,90502.14808333
1732003200000,0.00030216,91680.59587879
1732032000000,0.00017959,92442.80000000
1732060800003,0.00010000,92314.05812121
1732089600000,0.00010000,92855.88699242
1732118400000,0.00010000,94737.50000000
1732147200001,0.00010000,94279.51894697
1732176000000,0.00010000,96950.00000000
1732204800001,0.00010000,96677.04645768
1732233600000,0.00010000,98365.10186364
1732262400000,0.00010000,99242.81251773
1732291200001,0.00010000,98699.90000000
1732320000000,0.00010000,98918.67765957
1732348800000,0.00010000,98599.83297163
1732377600000,0.00010000,98426.00000000
1732406400001,0.00010000,97725.50000000
1732435200000,0.00016148,98483.95812057
1732464000000,0.00023228,95996.21422597
1732492800000,0.00021035,97960.50000000
1732521600000,0.00010000,98106.56588652
1732550400000,0.00025233,96029.20382270
1732579200000,0.00021902,93064.10000000
1732608000000,0.00017936,93837.30000000
1732636800000,0.00029599,92870.07960284
1732665600000,0.00031205,92013.70000000
1732694400000,0.00016795,93652.10000000
1732723200001,0.00010000,95605.80000000
1732752000000,0.00010000,95904.89554610
1732780800000,0.00014326,95360.15442553
1732809600000,0.00011859,95057.36946809
1732838400000,0.00020619,95693.94427733
1732867200000,0.00011747,95692.14071631
1732896000000,0.00021921,98075.20000000
1732924800000,0.00010000,97516.30000000
1732953600000,0.00015909,96843.30000000
1732982400000,0.00012063,96707.40000000
1733011200000,0.00015901,96462.19087234
1733040000000,0.00019581,96522.20604965
1733068800000,0.00010000,97081.50000000
1733097600001,0.00025726,97265.10000000
1733126400001,0.00024556,96046.45249645
1733155200000,0.00013387,97120.00000000
1733184000000,0.00012779,95889.10653191
1733212800000,0.00024926,95616.20000000
1733241600000,0.00011952,95746.09226241
1733270400000,0.00026634,95913.27097163
1733299200000,0.00026254,96652.10000000
1733328000000,0.00023234,95801.60480851
1733356800001,0.00027625,98689.14430496
1733385600000,0.00072446,102283.62766667
1733414400000,0.00047059,101350.10000000
1733443200000,0.00010000,97001.60000000
1733472000000,0.00014634,98207.61513475
1733500800000,0.00010000,99357.34402837
1733529600000,0.00031972,99802.50000000
1733558400000,0.00012374,99442.60000000
1733587200000,0.00014090,99811.50000000
1733616000000,0.00016985,99899.10000000
1733644800000,0.00016572,99741.60000000
1733673600000,0.00017580,99975.00000000
1733702400000,0.00030413,101193.94399291
1733731200000,0.00021032,99633.40225532
1733760000001,0.00011115,97835.11267376
1733788800007,0.00010000,97349.10000000
1733817600000,0.00010000,97217.70000000
1733846400000,0.00010000,95657.98175887
1733875200000,0.00010000,96602.30000000
1733904000000,0.00010000,97336.18173050
1733932800001,0.00010000,100361.01297872
1733961600001,0.00010000,101106.90000000
1733990400000,0.00010000,100486.46369504
1734019200001,0.00010000,101775.10000000
1734048000000,0.00010000,99982.30000000
1734076800000,0.00010000,100099.90000000
1734105600001,0.00010000,99840.10000000
1734134400000,0.00006750,101371.90000000
1734163200000,0.00010000,101787.00000000
1734192000000,0.00010000,101610.85002837
1734220800000,0.00010000,101391.60376371
1734249600000,0.00008194,101673.93346099
1734278400000,0.00010000,102674.84886525
1734307200000,0.00010000,104449.00000000
1734336000001,0.00010000,104960.31446809
1734364800000,0.00009181,106285.31279433
1734393600000,0.00007866,106023.30000000
1734422400000,0.00010000,106789.01585106
1734451200000,0.00010000,106438.49711348
1734480000000,0.00010000,106083.97803546
1734508800000,0.00009159,104203.79516312
1734537600000,0.00010000,104395.10000000
1734566400000,0.00010000,100180.74653901
1734595200000,0.00010000,101625.15913475
1734624000000,0.00010000,100657.71907801
1734652800000,0.00010000,97434.40000000
1734681600001,0.00010000,97822.91234043
1734710400014,0.00010000,96968.45573050
1734739200000,0.00010000,97764.50000000
1734768000000,0.00001206,98985.40130496
1734796800001,0.00010000,97486.50000000
1734825600000,0.00010000,97261.80000000
1734854400000,0.00010000,96182.08468085
1734883200000,0.00009629,95340.90000000
1734912000000,0.00010000,95155.89321986
1734940800000,0.00010000,95360.40000000
1734969600001,0.00008981,93217.60000000
1734998400000,0.00010000,94861.10000000
1735027200000,0.00010000,94199.90000000
1735056000001,0.00010000,98246.90943972
1735084800001,0.00010000,98633.62231915
1735113600000,0.00010000,98052.36726950
1735142400000,0.00010000,98485.70000000
1735171200000,0.00009827,99379.60000000
1735200000000,0.00007453,97682.41824113
1735228800000,0.00008585,96006.00000000
1735257600000,0.00010000,95754.23556738
1735286400000,0.00010000,95074.97113475
1735315200000,0.00010000,94529.41337589
1735344000001,0.00010000,94263.83920567
1735372800000,0.00007639,94339.82516312
1735401600000,0.00005173,94407.80000000
1735430400000,0.00008013,95262.82075887
1735459200000,0.00010000,95233.30000000
1735488000000,0.00010000,94468.77931206
1735516800000,-0.00000042,93699.90000000
1735545600001,0.00008791,93700.13509929
1735574400000,0.00010000,92087.24777305
1735603200000,0.00010000,92760.38528369
1735632000000,0.00010000,92819.50000000
1735660800000,0.00010000,95389.40000000
1735689600015,0.00010000,93549.66175177
1735718400000,0.00010000,93660.97108511
1735747200001,0.00010000,94413.60000000
1735776000000,0.00010000,94581.00000000
1735804800006,0.00010000,95815.30000000
1735833600000,0.00010000,96438.30000000
1735862400000,0.00010000,96967.50000000
1735891200000,0.00010000,96275.00000000
1735920000000,0.00005242,97481.09407092
1735948800000,0.00007699,98145.80000000
1735977600000,0.00010000,98244.20000000
1736006400000,0.00000798,97632.05677305
1736035200000,0.00010000,98173.20000000
1736064000000,0.00010000,98225.73287943
1736092800000,0.00008320,97981.80000000
1736121600000,0.00010000,98340.10000000
1736150400001,0.00010000,99280.00000000
1736179200000,0.00010000,102091.31002128
1736208000000,0.00010000,102189.30633333
1736236800000,0.00008903,101649.30000000
1736265600008,0.00008279,97916.61911959
1736294400001,0.00010000,96920.20000000
1736323200000,0.00010000,95628.40000000
1736352000000,0.00010000,95454.56275887
1736380800000,0.00010000,95036.11944681
1736409600000,0.00009834,93180.20612057
1736438400000,-0.00000544,94195.10000000
1736467200000,0.00003966,92515.04219149
1736496000000,-0.00001060,94460.50000000
1736524800000,0.00008078,93697.90000000
1736553600000,0.00005680,94680.94309929
1736582400000,0.00004055,94211.97412183
1736611200000,0.00002608,94365.80000000
1736640000000,0.00005009,94565.09560993
1736668800000,0.00003210,94291.30000000
1736697600000,0.00006647,95036.75903546
1736726400000,0.00005266,94499.90000000
1736755200000,0.00006989,93557.90000000
1736784000000,0.00000881,92108.14175000
1736812800000,0.00010000,94487.76413636
1736841600000,0.00010000,94824.19737879
1736870400000,0.00009496,96420.52184091
1736899200000,0.00004989,96515.00000000
1736928000000,0.00008795,97253.80000000
1736956800000,0.00005844,98943.30000000
1736985600000,0.00000728,100461.91109848
1737014400000,0.00007568,99762.50000000
1737043200000,0.00004598,99258.31843182
1737072000004,0.00004597,99937.40000000
1737100800000,0.00009386,101406.90000000
1737129600008,0.00003432,103946.30000000
1737158400000,0.00006707,104042.50000000
1737187200007,0.00010000,102781.74468182
1737216000000,0.00010000,104537.59208333
1737244800000,0.00010000,104535.24007576
1737273600000,0.00010000,105153.39980303
1737302400000,0.00010000,104957.60477273
1737331200000,0.00010000,101308.10000000
1737360000009,0.00010000,107128.89547022
1737388800000,0.00010000,104989.60000000
1737417600000,0.00010000,102253.89548485
1737446400000,0.00010000,101983.49471970
1737475200000,0.00010000,103929.10000000
1737504000000,0.00010000,106114.40000000
1737532800000,0.00010000,105063.80000000
1737561600000,0.00010000,104138.91605185
1737590400001,0.00008654,103665.00000000
1737619200000,0.00010000,102668.30000000
1737648000000,0.00008616,105209.90000000
1737676800000,0.00000334,103867.57431111
1737705600000,0.00007537,104999.90000000
1737734400000,0.00009540,105821.80000000
1737763200000,0.00005702,104811.52457037
1737792000000,0.00008495,104349.40000000
1737820800001,0.00007782,104856.23635556
1737849600000,0.00008363,104701.90000000
1737878400000,0.00010000,104963.80000000
1737907200000,0.00008443,104920.00000000
1737936000000,0.00009084,102590.39013333
1737964800000,0.00003712,98996.40000000
1737993600000,0.00000098,101075.16971111
1738022400000,0.00010000,102034.61963704
1738051200000,0.00003714,102748.81021481
1738080000000,0.00009848,102732.49048889
1738108800000,0.00010000,101296.47861481
1738137600000,0.00010000,102723.30000000
1738166400000,0.00009949,101942.29171111
1738195200000,0.00007590,103698.20000000
1738224000000,0.00010000,105085.20000000
1738252800000,0.00009499,105521.20000000
1738281600000,0.00001225,104677.00000000
1738310400000,0.00010000,104167.68758519
1738339200000,0.00010000,105417.40000000
1738368000000,0.00008098,102379.70000000
1738396800000,0.00005369,102127.00000000
1738425600000,0.00005968,102033.72678519
1738454400001,0.00005824,100603.60000000
1738483200000,0.00003380,99595.81932593
1738512000000,-0.00000861,99298.60000000
1738540800000,0.00010000,97665.05852593
1738569600000,0.00010000,95278.94922222
1738598400000,0.00004845,98799.90000000
1738627200000,0.00002612,101293.70000000
1738656000001,0.00006800,98428.05392593
1738684800000,0.00004138,99308.65560920
1738713600001,-0.00000461,97709.90000000
1738742400001,0.00004774,97816.06753333
1738771200000,0.00001610,98063.30000000
1738800000001,0.00002186,96558.04809630
1738828800001,-0.00000238,98164.90000000
1738857600000,0.00005903,97285.60000000
1738886400000,0.00007983,96515.00000000
1738915200000,0.00006989,96714.18992337
1738944000000,0.00005167,98249.70000000
1738972800000,-0.00004100,96456.01788889
1739001600000,0.00001137,96153.40000000
1739030400000,0.00000324,95798.35988889
1739059200000,0.00003873,96411.90000000
1739088000000,0.00009600,97019.90000000
1739116800000,0.00002839,96443.79991852
1739145600000,0.00001802,96425.48585185
1739174400000,0.00009176,97393.10000000
1739203200000,0.00007457,97187.70000000
1739232000000,0.00004218,97384.53994815
1739260800000,0.00007090,98230.70305185
1739289600000,-0.00002446,96963.30000000
1739318400000,0.00001298,95731.40000000
1739347200000,0.00004899,96032.10000000
1739376000001,0.00004960,95768.97002963
1739404800001,0.00010000,97828.71390370
1739433600000,0.00004117,96022.13023704
1739462400001,0.00000805,95950.00000000
1739491200000,0.00004100,96560.60000000
1739520000001,0.00005510,96894.37109630
1739548800000,0.00007093,96886.60000000
1739577600000,0.00000055,97449.10151111
1739606400000,0.00003297,97312.50000000
1739635200000,0.00003735,97594.40000000
1739664000000,0.00003390,97537.90000000
1739692800000,0.00000182,97207.40000000
1739721600000,0.00003799,96859.04847692
1739750400000,0.00006239,96073.53976296
1739779200000,0.00006397,96031.56637778
1739808000000,0.00002009,95610.58525185
1739836800000,0.00009488,95743.10000000
1739865600000,0.00010000,95416.39865926
1739894400000,0.00010000,95510.84027407
1739923200000,0.00007007,95621.90000000
1739952000000,0.00007779,95640.40000000
1739980800000,0.00008960,95895.50000000
1740009600000,0.00002420,96605.40166667
1740038400000,0.00003269,96825.70000000
1740067200000,0.00007346,96860.90000000
1740096000001,0.00000123,98252.90000000
1740124800000,0.00002286,98128.40000000
1740153600000,-0.00000097,98057.70000000
1740182400000,0.00010000,96131.40247407
1740211200000,0.00006466,96241.70000000
1740240000000,0.00002318,96552.60310370
1740268800000,0.00004112,96503.38967407
1740297600000,0.00003140,96455.97020000
1740326400000,0.00001478,95392.57762963
1740355200000,-0.00002970,96218.40000000
1740384000000,0.00006881,95838.02390370
1740412800000,0.00002050,94296.00000000
1740441600000,0.00010000,91524.67726667
1740470400000,0.00005245,89304.14428352
1740499200000,0.00001385,87188.93212261
1740528000000,0.00003521,88639.10000000
1740556800000,0.00006005,88688.89924444
1740585600000,0.00010000,87534.92208148
1740614400001,0.00009305,84203.99431111
1740643200000,-0.00000617,86227.86960741
1740672000000,0.00009433,85473.85978519
1740700800001,0.00009444,84667.50000000
1740729600000,0.00009521,79174.50011852
1740758400000,-0.00000373,83971.85852874
1740787200000,-0.00000014,84300.62248148
1740816000000,-0.00006108,84707.63182963
1740844800001,-0.00000858,84758.97667407
1740873600000,-0.00001094,86017.75225185
1740902400000,-0.00002783,86191.40000000
1740931200000,-0.00002869,87376.32577037
1740960000001,-0.00005518,94228.90026667
1740988800000,0.00000791,92325.20000000
1741017600000,0.00005272,90009.40000000
1741046400001,-0.00001526,86181.90000000
1741075200005,-0.00000270,83159.40000000
1741104000000,0.00001306,82949.73682963
1741132800000,0.00004113,87246.00000000
1741161600000,0.00002722,87579.60000000
1741190400000,0.00005028,88312.60000000
1741219200000,0.00003538,90567.40845926
1741248000001,0.00006413,91314.75866667
1741276800000,0.00006818,90770.91326667
1741305600000,-0.00000612,89887.90000000
1741334400001,-0.00001539,88311.88999259
1741363200000,0.00002028,88417.95212593
1741392000000,0.00005328,86753.80000000
1741420800001,0.00000373,86159.98070370
1741449600001,0.00001208,86360.00000000
1741478400001,-0.00002779,86184.80000000
1741507200000,0.00003218,85973.77313333
1741536000000,0.00010000,83040.22277037
1741564800000,0.00003952,80688.70000000
1741593600000,0.00001344,82282.17518519
1741622400000,0.00004037,79999.21651111
1741651200000,0.00004705,78567.80000000
1741680000000,0.00003260,80395.91420690
1741708800001,0.00008746,81190.70000000
1741737600000,0.00000576,82896.00000000
1741766400000,0.00005815,82405.10000000
1741795200001,0.00004013,81703.59471111
1741824000000,0.00000430,83640.60000000
1741852800000,0.00002069,83118.50000000
1741881600000,0.00003190,81016.00000000
1741910400000,0.00005386,81085.40000000
1741939200000,0.00005331,82130.62686590
1741968000000,0.00000357,84687.30085824
1741996800000,-0.00006035,83939.80000000
1742025600000,-0.00002389,83799.02800000
1742054400000,-0.00000321,84295.70000000
1742083200000,0.00000432,84302.90000000
1742112000000,0.00004236,84242.00000000
1742140800000,0.00001247,83280.00000000
1742169600000,0.00001065,82541.60000000
1742198400000,0.00008474,83524.17527094
1742227200000,0.00000859,83499.10000000
1742256000000,0.00000703,83966.75136398
1742284800000,0.00002059,83124.70000000
1742313600000,0.00003514,81570.50000000
1742342400000,0.00000200,82670.47688148
1742371200000,0.00005961,83135.80000000
1742400000000,0.00005024,84693.10000000
1742428800000,0.00001944,86809.80000000
1742457600000,0.00003790,85769.99517778
1742486400000,0.00001086,84656.40000000
1742515200000,0.00001615,84183.60000000
1742544000000,0.00005324,83892.55460741
1742572800000,0.00002518,83525.90000000
1742601600000,0.00002836,84050.30000000
1742630400004,-0.00001770,84235.40000000
1742659200000,0.00005092,84073.50000000
1742688000000,0.00002099,83804.90000000
1742716800000,-0.00000184,84232.38148148
1742745600000,0.00004020,85153.69642963
1742774400000,0.00002039,86052.86289630
1742803200000,0.00005512,86831.20146667
1742832000000,-0.00003422,88291.95428148
1742860800001,-0.00000247,87463.30000000
1742889600000,0.00001150,86404.40000000
1742918400000,-0.00003776,87727.92137778
1742947200000,-0.00002990,87369.90000000
1742976000000,0.00001659,88106.70000000
1743004800001,-0.00003082,86704.27858519
1743033600001,0.00003136,86873.80000000
1743062400001,0.00005512,87363.20000000
1743091200002,-0.00003760,86931.84454074
1743120000001,0.00001584,87191.20000000
1743148800001,-0.00000457,85181.54060741
1743177600000,0.00008118,84011.10000000
1743206400000,0.00005364,84380.70000000
1743235200000,0.00008214,83699.76590769
1743264000000,0.00002530,82371.60000000
1743292800000,0.00000341,82608.11504215
1743321600000,0.00000427,83037.50000000
1743350400000,0.00004588,82699.90000000
1743379200000,0.00002643,82345.30000000
1743408000000,0.00006020,81895.20000000
1743436800000,0.00001845,83373.40000000
1743465600000,0.00003961,82517.67674815
1743494400001,0.00002889,83415.20000000
1743523200000,0.00003573,85245.40000000
1743552000001,-0.00002112,85120.90000000
1743580800000,0.00003036,84393.10059259
1743609600000,0.00000733,86716.90000000
1743638400000,0.00005862,82485.00000000
1743667200000,0.00005038,83423.97282759
1743696000000,0.00006484,82009.80792337
1743724800000,0.00004283,83168.70000000
1743753600000,0.00004736,83968.10000000
1743782400000,0.00008038,82822.00000000
1743811200000,0.00008559,83861.30000000
1743840000000,0.00007437,83490.00000000
1743868800000,0.00000408,82582.45056296
1743897600000,0.00000221,83501.91631852
1743926400000,0.00005363,82990.90000000
1743955200002,-0.00000603,82503.61944061
1743984000000,0.00004946,78392.35042912
1744012800000,0.00006857,75088.25410370
1744041600000,0.00004998,78465.57328148
1744070400000,0.00004074,79140.10000000
1744099200000,0.00003575,79455.76043704
1744128000000,0.00003134,78462.82929630
1744156800000,0.00009568,76297.90000000
1744185600001,-0.00002252,77645.50000000
1744214400000,0.00006856,77224.48104444
1744243200000,0.00007705,82588.00000000
1744272000000,0.00000114,81561.50000000
1744300800000,0.00006775,78726.30000000
1744329600001,0.00002065,79576.11047407
1744358400000,-0.00004294,81213.70000000
1744387200000,0.00003290,82486.70000000
1744416000000,0.00003654,83385.70000000
1744444800001,0.00005640,83685.40000000
1744473600000,0.00005388,84974.20000000
1744502400000,0.00005057,85240.01637778
1744531200000,0.00008429,84383.61757037
1744560000000,0.00009642,83820.10000000
1744588800000,0.00008113,83715.61378519
1744617600000,0.00007127,84545.16948148
1744646400000,0.00002428,84063.10000000
1744675200000,-0.00002073,84553.90000000
1744704000000,0.00006606,85691.30000000
1744732800001,0.00001883,84874.59705926
1744761600000,0.00002428,83608.70000000
1744790400000,0.00006917,83336.36678161
1744819200000,0.00001978,84801.70000000
1744848000001,0.00001404,83994.18360000
1744876800000,0.00005679,84630.32499202
1744905600001,0.00003425,84495.50000000
1744934400000,0.00001788,84916.10982222
1744963200000,0.00007071,84622.90000000
1744992000000,0.00002995,84337.39696296
1745020800000,0.00002930,84429.71837548
1745049600000,0.00006024,85174.50000000
1745078400000,-0.00001953,85146.20000000
1745107200000,-0.00000298,85046.90000000
1745136000000,-0.00001078,84739.09365128
1745164800000,-0.00002258,84305.11534074
1745193600000,0.00005232,85142.30088148
1745222400005,0.00005403,87400.60000000
1745251200003,0.00001553,87998.12642222
1745280000008,0.00007749,87467.82270370
1745308800000,-0.00000744,88436.16399259
1745337600000,-0.00007045,90881.10000000
1745366400000,-0.00001389,93404.90000000
1745395200002,0.00001374,94110.36297318
1745424000000,0.00004587,93149.55929437
1745452800000,-0.00002671,93641.27053973
1745481600001,0.00005210,92167.24875325
1745510400001,-0.00002165,93148.88519481
1745539200007,-0.00001764,93931.60000000
1745568000002,0.00000170,93734.00000000
1745596800003,0.00000120,95000.28830833
1745625600002,-0.00010085,94591.80000000
1745654400000,-0.00002774,94523.02069167
1745683200002,0.00002855,94326.89167892
1745712000001,-0.00001500,94575.70000000
1745740800000,-0.00000660,94027.70000000
1745769600000,-0.00000421,93857.80000000
1745798400001,0.00000373,93697.00000000
1745827200003,0.00000246,94641.50000000
1745856000005,-0.00005821,93782.50000000
1745884800000,-0.00000773,94969.00000000
1745913600000,0.00000413,94877.90000000
1745942400010,0.00001305,94800.87365217
1745971200001,-0.00005181,94211.74500725
1746000000000,0.00002939,94577.60000000
1746028800003,-0.00003797,93961.60732609
1746057600000,0.00003519,94130.75027536
1746086400000,0.00005755,94983.01632609
1746115200001,-0.00008028,96794.89389805
1746144000000,-0.00012232,96433.84531159
1746172800000,-0.00009382,96302.10000000
1746201600003,-0.00008689,97277.00616667
1746230400000,-0.00005953,96831.65852586
1746259200000,0.00003198,96290.80000000
1746288000000,-0.00001483,96360.13496232
1746316800001,0.00000370,95819.52819239
1746345600001,0.00003229,95842.10000000
1746374400002,0.00003745,95421.10000000
1746403200000,-0.00002404,94240.51430435
1746432000000,0.00003636,94697.80169565
1746460800006,-0.00002247,93731.39948913
1746489600002,0.00001978,94696.80000000
1746518400005,0.00004440,94353.53756884
1746547200000,0.00000757,94511.80000000
1746576000002,0.00001218,96794.50000000
1746604800000,-0.00000025,96949.17783333
1746633600006,0.00001320,96888.90000000
1746662400000,0.00002318,96990.24909783
1746691200001,0.00004608,99215.08710145
1746720000002,0.00005728,100730.90000000
1746748800001,0.00010000,103241.74847826
1746777600006,0.00010000,103628.90270290
1746806400000,0.00004378,102852.40000000
1746835200001,0.00009657,102941.80000000
1746864000000,0.00010000,103721.70000000
1746892800001,0.00004257,103102.70000000
1746921600000,0.00010000,104789.00000000
1746950400001,0.00004150,103336.90000000
1746979200001,0.00010000,104089.06693841
1747008000004,0.00004454,104072.80000000
1747036800000,0.00010000,104426.20000000
1747065600000,0.00002301,102484.98667754
1747094400000,0.00006847,102739.98641667
1747123200008,0.00010000,102624.00000000
1747152000001,0.00007256,103642.21569565
1747180800007,0.00009921,104082.25016667
1747209600000,0.00007542,103662.20000000
1747238400002,0.00003175,103461.40000000
1747267200000,0.00002978,103458.20000000
1747296000003,0.00005336,101733.90000000
1747324800000,0.00001439,103212.64269928
1747353600001,0.00004504,103731.00000000
1747382400000,0.00007535,103646.60000000
1747411200000,0.00004768,104152.87767029
1747440000000,0.00002821,103420.88946739
1747468800001,0.00003340,103399.40000000
1747497600004,0.00000597,102900.00000000
1747526400000,0.00006742,103079.50000000
1747555200000,0.00005903,103891.40000000
1747584000000,0.00010000,105484.20000000
1747612800000,0.00005990,106415.65899638
1747641600006,0.00006040,103175.66738043
1747670400010,0.00002110,104740.40000000
1747699200000,0.00008378,105539.99272464
1747728000002,0.00007107,104998.20574797
1747756800000,0.00001266,105294.50000000
1747785600000,0.00008767,106800.40000000
1747814400001,0.00007147,106469.35994203
1747843200004,0.00005119,108936.70000000
1747872000001,0.00010000,109611.57980435
1747900800000,0.00010000,111005.80000000
1747929600002,0.00010000,111236.80000000
1747958400006,0.00009321,111663.50596536
1747987200000,0.00007261,110685.20000000
1748016000007,0.00008614,108889.20000000
1748044800010,0.00003524,107273.62679710
1748073600000,0.00004590,107554.85993116
1748102400003,0.00007837,108895.88856522
1748131200004,0.00009794,107698.90000000
1748160000000,0.00005113,107634.70000000
1748188800000,0.00003651,106928.00000000
1748217600000,0.00007331,108955.90000000
1748246400000,0.00010000,110050.00000000
1748275200002,0.00009782,109951.10000000
1748304000003,0.00007650,109403.70430072
1748332800001,0.00007266,109471.80000000
1748361600005,0.00002476,110091.30000000
1748390400002,0.00003260,108889.20000000
1748419200003,0.00002164,108764.90000000
1748448000002,0.00005368,107066.31867754
1748476800000,0.00003186,107723.10000000
1748505600006,0.00002812,107839.50000000
1748534400000,0.00008379,106972.60000000
1748563200003,0.00002622,105540.00000000
1748592000003,0.00003849,104997.40000000
1748620800000,0.00007392,105503.90000000
1748649600000,0.00008506,103950.00000000
1748678400000,0.00007552,103701.25933333
1748707200000,0.00004687,104499.67307246
1748736000001,-0.00000582,104544.70000000
1748764800002,0.00002335,104231.00000000
1748793600000,0.00004117,104664.00000000
1748822400001,-0.00000642,105589.61297464
1748851200000,0.00005593,105346.40000000
1748880000000,0.00004467,104396.90000000
1748908800000,0.00005005,105814.40000000
1748937600000,0.00006066,105134.30000000
1748966400001,0.00004456,106556.10000000
1748995200000,-0.00000011,105330.10000000
1749024000000,0.00002611,105260.46566250
1749052800000,0.00000962,105255.92777899
1749081600016,0.00000074,104646.03764130
1749110400000,0.00002871,104473.00000000
1749139200000,0.00005156,104485.40000000
1749168000002,-0.00003491,101458.70000000
1749196800000,-0.00003030,103096.80000000
1749225600006,-0.00002995,105037.54876812
1749254400000,-0.00002890,104240.10000000
1749283200000,-0.00003158,104813.72660507
1749312000002,0.00000294,105508.84818333
1749340800000,0.00004808,105509.63211957
1749369600000,0.00005613,105380.40000000
1749398400000,-0.00003602,105923.14248188
1749427200000,-0.00002164,105679.25375362
1749456000001,0.00004024,105517.90905797
1749484800001,0.00003057,107568.29532246
1749513600000,0.00006374,110227.90000000
1749542400001,0.00010000,109178.10000000
1749571200003,0.00008165,108970.17962319
1749600000000,0.00008779,110235.30000000
1749628800000,0.00008390,109397.00000000
1749657600010,0.00005039,109694.90000000
1749686400002,0.00001856,108610.75909727
1749715200003,0.00007247,107578.64501938
1749744000001,0.00001198,106960.70000000
1749772800000,-0.00001801,105621.56706522
1749801600001,-0.00000270,104831.40000000
1749830400004,0.00003857,105392.00000000
1749859200000,0.00001958,106031.87648551
1749888000000,0.00003858,105029.92107590
1749916800000,0.00001135,104785.31052899
1749945600005,-0.00003641,105359.80000000
1749974400009,0.00001439,105378.68969203
1750003200000,0.00007369,105526.00000000
1750032000000,0.00000936,105546.26398514
1750060800000,0.00005070,107023.80000000
1750089600003,0.00002793,107375.00000000
1750118400000,0.00001847,106750.10000000
1750147200006,0.00005776,106711.10000000
1750176000001,0.00002211,104203.95066304
1750204800001,-0.00001752,104508.00000000
1750233600001,0.00003695,104925.60000000
1750262400001,0.00006692,104751.91415217
1750291200005,0.00000845,104836.47953623
1750320000003,0.00000616,104593.47301449
1750348800000,0.00002396,104055.20000000
1750377600000,0.00003565,104612.28734221
1750406400002,0.00007862,105763.50000000
1750435200001,0.00002400,104168.50000000
1750464000002,0.00003977,103246.00000000
1750492800005,0.00001933,103405.77309257
1750521600000,0.00007440,103516.70000000
1750550400005,0.00002883,102072.00000000
1750579200000,0.00010000,102399.00000000
1750608000003,0.00004145,98855.01865881
1750636800000,-0.00001061,100917.08497464
1750665600004,-0.00002809,101874.40000000
1750694400013,0.00004889,101374.20000000
1750723200003,0.00001245,105293.94364855
1750752000000,0.00001218,104909.91579710
1750780800000,0.00000447,105182.21770290
1750809600005,-0.00003174,106035.00000000
1750838400000,0.00002747,106556.27685145
1750867200005,0.00000962,106984.14716304
1750896000000,0.00000141,107283.48498551
1750924800006,0.00003805,107768.60000000
1750953600007,0.00000682,107259.90000000
1750982400000,0.00001113,106913.80000000
1751011200000,0.00002663,106822.99177536
1751040000009,0.00002557,107261.20000000
1751068800001,-0.00001161,106996.90000000
1751097600002,0.00006053,107433.05392391
1751126400000,0.00004434,107407.60000000
1751155200004,0.00001250,107241.00000000
1751184000001,0.00005360,107355.60000000
1751212800001,0.00010000,107694.80147464
1751241600000,0.00001084,108310.31981522
1751270400005,0.00002959,107562.60000000
1751299200002,0.00004923,107538.70402174
1751328000007,0.00001053,107096.82611594
1751356800002,0.00004334,107122.80000000
1751385600000,0.00001109,105905.40000000
1751414400001,0.00001807,105638.00000000
1751443200000,0.00003403,107026.00000000
1751472000003,0.00004130,108695.30000000
1751500800006,0.00004871,108800.00000000
1751529600003,0.00003562,109235.04085870
1751558400003,0.00005028,109089.90000000
1751587200005,0.00005230,109545.20000000
1751616000003,0.00005009,108666.22027536
1751644800001,0.00001797,107534.70000000
1751673600004,0.00001066,107935.30000000
1751702400009,0.00003055,108001.93068165
1751731200006,0.00004005,108012.70000000
1751760000001,0.00001941,108153.40000000
1751788800002,0.00001665,107991.40000000
1751817600004,0.00001028,108856.80000000
1751846400000,0.00002360,109145.80000000
1751875200007,0.00003438,109016.30000000
1751904000000,0.00004271,108252.00000000
1751932800010,0.00001073,108208.86520652
1751961600003,0.00004563,108440.60000000
1751990400000,0.00003601,108216.90000000
1752019200002,0.00003093,108873.10000000
1752048000006,0.00003396,108674.80000000
1752076800001,0.00004253,109020.00000000
1752105600003,0.00010000,111199.80000000
1752134400000,0.00008523,111186.10000000
1752163200004,0.00001908,111349.50000000
1752192000004,0.00010000,115979.20000000
1752220800007,0.00010000,117522.80000000
1752249600001,0.00010000,116897.42130435
1752278400000,0.00010000,117501.26688406
1752307200001,0.00010000,117689.70000000
1752336000002,0.00010000,117075.50000000
1752364800006,0.00010000,117389.40000000
1752393600001,0.00010000,117957.51349275
1752422400003,0.00010000,118611.53782971
1752451200000,0.00008051,119041.56046377
1752480000000,0.00010000,122717.44717391
1752508800000,0.00010000,119867.57057971
1752537600002,0.00010000,119818.52750362
1752566400000,0.00010000,116780.52426812
1752595200000,0.00010000,116389.57304348
1752624000000,0.00010000,117738.50000000
1752652800000,0.00010000,118184.09413043
1752681600008,0.00010000,119054.30000000
1752710400003,0.00010000,118598.08606159
1752739200000,0.00010000,118289.10000000
1752768000000,0.00010000,118874.61847826
1752796800004,0.00010000,119176.60000000
1752825600000,0.00010000,119356.50000000
1752854400000,0.00010000,117851.82027174
1752883200009,0.00010000,117897.67534058
1752912000000,0.00010000,118135.00000000
1752940800002,0.00010000,118036.56383986
1752969600000,0.00010000,117814.40000000
1752998400000,0.00010000,117993.92586594
1753027200000,0.00010000,118669.40000000
1753056000001,0.00010000,117227.38173188
1753084800000,0.00010000,119352.10000000
1753113600001,0.00010000,118304.20000000
1753142400000,0.00010000,117331.09485145
1753171200010,0.00010000,117959.50000000
1753200000007,0.00010000,118899.80000000
1753228800000,0.00010000,119993.70000000
1753257600004,0.00010000,118327.36687681
1753286400002,0.00010000,118531.00000000
1753315200000,0.00010000,118713.50000000
1753344000001,0.00010000,118368.00000000
1753372800000,0.00010000,119074.10000000
1753401600000,0.00010000,118283.40000000
1753430400000,0.00010000,115314.35953986
1753459200000,0.00010000,115691.05080797
1753488000001,0.00010000,117588.55875092
1753516800005,0.00010000,117288.73869928
1753545600001,0.00010000,118112.87820652
1753574400001,0.00010000,117889.30000000
1753603200000,0.00010000,118087.08156884
1753632000008,0.00010000,118580.80000000
1753660800005,0.00010000,119419.44478261
1753689600000,0.00010000,118886.24443841
1753718400000,0.00010000,118158.66325758
1753747200001,0.00010000,118041.86715530
1753776000000,0.00010000,118856.30000000
1753804800000,0.00010000,117351.43826812
1753833600011,0.00010000,117904.12262319
1753862400000,0.00010000,118083.20000000
1753891200008,0.00010000,117949.90000000
1753920000000,0.00005694,117772.92036957
1753948800009,0.00010000,118624.00000000
1753977600000,0.00010000,118263.69556522
1754006400001,-0.00001408,115702.16776087
1754035200003,0.00001549,115035.53571377
1754064000000,0.00005681,115305.30000000
1754092800004,0.00004810,113244.70000000
1754121600000,0.00000894,113920.40738768
1754150400000,0.00004437,112798.50000000
1754179200000,0.00005633,112509.76593841
1754208000000,0.00004533,113647.10000000
1754236800003,0.00007504,113905.36980217
1754265600004,0.00004188,114150.84958333
1754294400000,0.00005719,114606.90000000
1754323200002,0.00003912,114774.55804710
1754352000000,0.00007101,115002.10000000
1754380800000,0.00008589,113924.70000000
1754409600000,0.00004784,112890.03634109
1754438400005,0.00005172,114077.36580435
1754467200000,0.00009275,114180.50319380
1754496000000,0.00008288,115389.84358140
1754524800003,0.00004843,114945.22391860
1754553600002,0.00007574,114751.20000000
1754582400002,0.00006275,116634.60000000
1754611200002,0.00002403,117419.90000000
1754640000004,0.00001729,116773.12222500
1754668800000,0.00007973,116170.72810417
1754697600005,0.00008835,116628.20000000
1754726400000,0.00009087,116703.20000000
1754755200007,0.00005151,116839.01276667
1754784000003,0.00009849,116422.00000000
1754812800005,0.00010000,117770.10000000
1754841600002,0.00010000,118773.19905000
1754870400000,0.00010000,119255.30000000
1754899200000,0.00010000,121533.48500000
1754928000000,0.00010000,120276.94746739
1754956800000,0.00010000,118642.12869203
1754985600001,0.00007988,118931.90000000
1755014400005,0.00008543,119887.90000000
1755043200000,0.00007123,120081.00000000
1755072000002,0.00010000,119546.71040942
1755100800006,0.00010000,120907.16175725
1755129600002,0.00010000,123324.00000000
1755158400003,0.00010000,121739.29889855
1755187200000,0.00010000,118206.50000000
1755216000000,0.00001939,118245.12016304
1755244800000,0.00007990,118908.40000000
1755273600000,0.00003722,117224.26810507
1755302400004,0.00008850,117282.05060833
1755331200000,0.00008268,117543.60000000
1755360000002,0.00009023,117626.90000000
1755388800000,0.00008206,117333.60187083
1755417600001,0.00004680,117949.90000000
1755446400007,0.00001862,118193.93730833
1755475200000,0.00002846,117358.84539167
1755504000001,-0.00000682,115153.20000000
1755532800002,0.00005296,116099.90000000
1755561600000,0.00007137,116183.60000000
1755590400001,0.00006262,114928.80000000
1755619200000,0.00003167,113730.00000000
1755648000000,0.00004543,112829.16656522
1755676800000,0.00001364,113436.70000000
1755705600000,0.00004936,113293.10000000
1755734400006,0.00001143,114221.25347464
1755763200000,0.00007757,113836.80000000
1755792000003,0.00007414,112748.90000000
1755820800010,0.00007296,112461.50000000
1755849600007,0.00010000,113040.10000000
1755878400001,0.00005867,116319.30000000
1755907200004,0.00010000,116897.50000000
1755936000006,0.00010000,115769.90000000
1755964800000,0.00009711,114778.21648188
1755993600001,0.00010000,115377.10000000
1756022400002,0.00010000,114854.80000000
1756051200001,0.00010000,114374.99972826
1756080000000,0.00010000,113446.30000000
1756108800002,0.00010000,111472.55518478
1756137600002,0.00008344,112139.10000000
1756166400000,0.00004522,110064.58160507
1756195200000,0.00003900,110246.49650362
1756224000000,0.00010000,109634.08811594
1756252800003,0.00001802,111709.90000000
1756281600000,0.00005503,110688.00000000
1756310400009,0.00003496,111965.10000000
1756339200000,0.00005297,111207.83953261
1756368000005,0.00009693,113079.30000000
1756396800004,0.00007512,112642.41909420
1756425600000,0.00004261,112509.45998913
1756454400000,0.00005856,109989.38102899
1756483200005,0.00000644,108340.72792754
1756512000000,0.00007523,108332.40000000
1756540800002,0.00007979,108466.70000000
1756569600003,0.00008042,108830.00000000
1756598400016,-0.00001232,108758.15376812
1756627200000,0.00004749,108658.20000000
1756656000001,0.00010000,108763.86765217
1756684800000,0.00004660,108208.30000000
1756713600000,0.00010000,109367.80000000
1756742400001,0.00004963,108737.90000000
1756771200000,0.00006946,109193.10473913
1756800000005,0.00008805,110190.10000000
1756828800007,0.00006356,110789.90000000
1756857600006,0.00000767,111189.75470652
1756886400002,0.00005127,111045.87517029
1756915200002,0.00002344,112171.59743478
1756944000002,0.00001808,111664.20931522
1756972800000,0.00004385,110417.30000000
1757001600000,0.00007941,109464.10000000
1757030400001,0.00007532,110679.50000000
1757059200006,0.00010000,112906.33317391
1757088000000,0.00007872,110672.10000000
1757116800000,0.00001297,110614.90000000
1757145600005,0.00005660,110779.90000000
1757174400000,0.00005110,110324.20000000
1757203200000,0.00001970,110135.30000000
1757232000000,0.00003611,110710.80000000
1757260800000,0.00006969,111280.66566667
1757289600007,0.00009404,111079.27970290
1757318400000,0.00006682,111236.40000000
1757347200000,0.00007311,112574.15101812
1757376000000,0.00003799,112015.09961957
1757404800000,0.00010000,112952.16761594
1757433600000,0.00010000,110830.10000000
1757462400000,0.00005805,111500.00000000
1757491200002,0.00005026,112503.82111957
1757520000000,0.00010000,113795.60000000
1757548800000,0.00005843,113899.89001087
1757577600000,0.00004283,114040.00000000
1757606400001,0.00003326,114133.27146739
1757635200002,0.00006137,115426.90000000
1757664000001,0.00003768,115049.00000000
1757692800005,0.00006891,115064.80000000
1757721600005,-0.00001554,115978.40000000
1757750400002,0.00002251,115719.33161349
1757779200000,0.00003137,115721.30000000
1757808000006,0.00008182,115865.61246739
1757836800000,0.00004780,115747.96161957
1757865600001,0.00003115,115191.27874724
1757894400006,0.00006207,115227.83664493
1757923200002,0.00008259,115769.60000000
1757952000001,0.00008189,114805.44046377
1757980800001,0.00000997,115300.60000000
1758009600000,0.00006991,115799.40000000
1758038400000,0.00006472,115878.00000000
1758067200001,0.00006972,116747.30000000
1758096000000,0.00008441,117120.50000000
1758124800003,0.00006303,115825.10000000
1758153600006,0.00004941,116402.50000000
1758182400002,0.00008928,117042.70206159
1758211200000,0.00004208,117530.20000000
1758240000000,-0.00000231,117017.51732609
1758268800005,0.00002109,116850.10000000
1758297600000,0.00005264,115827.00000000
1758326400000,0.00003757,115569.76332609
1758355200000,-0.00000027,115909.90000000
1758384000002,-0.00001006,115928.40000000
1758412800000,-0.00005322,115625.00000000
1758441600000,0.00002563,115773.32392029
1758470400000,0.00003742,115473.52326812
1758499200005,0.00006665,115183.90000000
1758528000003,0.00001743,112454.24433333
1758556800000,0.00004838,112768.70000000
1758585600000,0.00007062,112604.70000000
1758614400001,0.00007083,113048.10000000
1758643200000,0.00007478,112829.13869565
1758672000003,0.00005794,111947.10000000
1758700800001,0.00006267,112544.70000000
1758729600002,0.00004886,113300.00000000
1758758400000,-0.00000220,113254.73047826
1758787200001,0.00001730,111712.21934783
1758816000000,0.00009560,111546.00679710
1758844800000,0.00003143,108944.80184783
1758873600000,0.00004360,109257.30000000
1758902400008,0.00007716,108983.16757971
1758931200000,-0.00000010,109588.74702899
1758960000010,0.00003425,109354.90000000
1758988800003,0.00007821,109348.37457246
1759017600000,0.00003314,109577.33157971
1759046400000,0.00004976,109468.50000000
1759075200000,0.00005261,109989.90000000
1759104000000,0.00002312,112119.60000000
1759132800002,0.00001304,111814.80000000
1759161600001,0.00000032,113753.37049275
1759190400002,0.00002353,114261.57750000
1759219200005,0.00005893,113662.30000000
1759248000000,0.00002584,113055.50000000
1759276800000,0.00003355,113988.70000000
1759305600000,0.00003457,114488.84474513
1759334400000,0.00010000,117367.03486232
1759363200000,0.00007784,118553.60000000
1759392000013,0.00010000,118444.20000000
1759420800000,0.00009543,119876.19732609
1759449600006,0.00009926,120481.30000000
1759478400006,0.00010000,119620.00000000
1759507200000,0.00010000,122240.92339580
1759536000001,0.00010000,122182.60000000
1759564800000,0.00010000,122274.36980510
1759593600000,0.00008312,121740.07963043
1759622400000,0.00008648,122343.20000000
1759651200003,0.00010000,124692.50000000
1759680000009,0.00009566,122753.00000000
1759708800004,0.00007672,123426.70000000
1759737600002,0.00009708,123342.94168841
1759766400004,0.00005831,124946.20000000
1759795200000,0.00010000,124619.48490580
1759824000003,0.00008608,123629.13742754
1759852800000,0.00006194,121822.13839855
1759881600000,0.00002542,121286.50000000
1759910400006,0.00010000,121555.76018116
1759939200002,0.00005396,122140.58355072
1759968000001,0.00001344,123237.94232609
1759996800000,0.00005350,121847.80000000
1760025600000,0.00001455,121084.88746377
1760054400005,0.00000785,121582.79100450
1760083200002,0.00003879,120878.70000000
1760112000014,0.00001013,118962.10000000
1760140800000,0.00010000,112716.80000000
1760169600003,0.00010000,110331.91623913
1760198400000,0.00000467,111744.40000000
1760227200004,-0.00003055,110579.10000000
1760256000002,0.00002865,111468.10053623
1760284800000,-0.00010915,113123.87871739
1760313600003,-0.00003942,114894.40000000
1760342400002,0.00002519,115341.80000000
1760371200003,-0.00002305,114260.80000000
1760400000000,-0.00004041,115112.00000000
1760428800000,0.00000712,111677.04921014
1760457600000,-0.00004498,112817.34618841
1760486400006,-0.00005425,112984.75726812
1760515200002,0.00003973,112526.11848551
1760544000000,0.00000225,110757.40000000
1760572800000,-0.00002741,110701.13593478
1760601600003,-0.00002230,110526.82160145
1760630400002,-0.00003004,108493.60663043
1760659200001,-0.00000285,108132.22237681
1760688000005,-0.00000634,105578.30000000
1760716800003,-0.00000291,106764.91873188
1760745600000,-0.00004819,106378.67421014
1760774400002,-0.00006376,106642.86139855
1760803200001,-0.00003681,106896.91817391
1760832000001,-0.00001411,107117.50000000
1760860800001,0.00001512,106733.30000000
1760889600001,0.00002787,108434.79640580
1760918400004,-0.00002197,108590.70000000
1760947200001,-0.00000665,111144.51395652
1760976000000,-0.00000018,111079.20000000
1761004800009,-0.00005567,110469.90000000
1761033600000,0.00002222,108040.11896377
1761062400000,-0.00002506,113355.30000000
1761091200004,-0.00004212,108256.95482609
1761120000000,0.00002445,108285.03557721
1761148800000,0.00005702,108375.00509420
1761177600000,0.00008911,107532.00000000
1761206400001,0.00002673,109229.94089130
1761235200004,0.00003933,109849.00000000
1761264000000,0.00003391,110032.13344928
1761292800000,0.00001783,111014.12165942
1761321600009,0.00003224,110009.80000000
1761350400000,0.00005020,110965.34494203
1761379200001,0.00001484,111445.40000000
1761408000001,0.00005570,111341.17806667
1761436800001,0.00001903,111593.32939130
1761465600001,0.00000535,111672.90000000
1761494400000,0.00006904,113651.89706522
1761523200000,0.00010000,114505.72468116
1761552000005,0.00010000,115522.40000000
1761580800000,0.00007304,114914.50000000
1761609600000,0.00006059,114064.10000000
1761638400000,0.00007806,114132.87629710
1761667200004,0.00002992,114580.10000000
1761696000004,-0.00000032,112841.11893478
1761724800005,0.00003588,113512.00000000
1761753600000,0.00005003,111460.60000000
1761782400004,0.00001097,109985.95808696
1761811200008,0.00003449,111319.33959420
1761840000001,0.00003562,107670.50000000
1761868800000,0.00000213,108263.50000000
1761897600008,0.00010000,109400.00000000
1761926400007,0.00010000,110173.78203623
1761955200001,0.00010000,109557.30000000
1761984000000,0.00010000,110025.30000000
1762012800000,0.00009782,110261.90000000
1762041600007,0.00008200,110051.81800725
1762070400000,0.00008150,110846.38874638
1762099200001,0.00005635,110066.10000000
1762128000000,0.00006098,110497.99736957
1762156800010,0.00006853,107431.03320290
1762185600000,0.00005329,105718.80000000
1762214400002,0.00010000,106544.00000000
1762243200004,0.00005808,104446.13108696
1762272000000,0.00006339,103157.20000000
1762300800000,0.00007132,101437.30000000
1762329600000,0.00002831,101946.10000000
1762358400004,0.00002816,103667.80000000
1762387200001,0.00003985,103847.34145652
1762416000000,0.00007916,103144.43398551
1762444800001,0.00004494,101988.10000000
1762473600005,0.00004705,101305.60000000
1762502400003,0.00004227,101978.80000000
1762531200005,0.00008631,100758.10000000
1762560000011,0.00007776,103305.20000000
1762588800015,0.00003047,102314.60379710
1762617600001,0.00003740,101678.10000000
1762646400004,-0.00001640,102269.20000000
1762675200000,0.00004187,101898.20000000
1762704000005,0.00008948,103717.85895652
1762732800000,0.00008870,104670.70000000
1762761600000,0.00007355,106421.67538406
1762790400003,0.00004979,105018.03477536
1762819200007,0.00002818,105966.20000000
1762848000000,-0.00002775,104737.00000000
1762876800009,0.00005823,103421.01242754
1762905600000,0.00002462,103007.53711594
1762934400002,0.00000687,103070.02844928
1762963200000,0.00005786,102156.97811594
1762992000002,0.00001077,101605.90000000
1763020800000,0.00009352,103431.00000000
1763049600001,0.00007448,101343.98608696
1763078400000,0.00008569,99663.82278986
1763107200000,0.00009126,97102.43884783
1763136000001,0.00009078,96752.60000000
1763164800005,0.00008507,94544.90000000
1763193600000,0.00010000,96292.37823188
1763222400001,0.00005923,96222.20000000
1763251200001,0.00007745,95560.30000000
1763280000000,0.00010000,96065.30980435
1763308800000,0.00007060,94526.60000000
1763337600003,0.00010000,94234.43224638
1763366400003,0.00009568,95599.53695652
1763395200000,0.00007208,93917.48474513
1763424000002,0.00010000,92169.70000000
1763452800004,0.00010000,90463.52234058
1763481600000,0.00003725,92856.83807346
1763510400000,0.00007496,92916.90000000
1763539200000,0.00005012,91831.80035507
1763568000008,0.00003980,89905.19610145
1763596800000,0.00004259,91522.33241304
1763625600000,0.00010000,92268.56732609
1763654400000,0.00008999,89845.80000000
1763683200001,0.00004272,86603.55317391
1763712000000,0.00004524,84022.86960870
1763740800001,0.00002642,82896.50000000
1763769600004,0.00001373,85093.50000000
1763798400000,0.00006735,84537.30000000
1763827200000,0.00005057,84241.49595652
1763856000000,0.00003812,84691.12791304
1763884800008,0.00000153,85745.86332609
1763913600003,-0.00000893,87043.56694928
1763942400004,-0.00000006,86807.60000000
1763971200000,-0.00000134,87004.60000000
1764000000006,0.00005044,86571.90668116
1764028800000,-0.00005290,88247.84814093
1764057600009,0.00001996,87362.20000000
1764086400007,-0.00003019,86946.50000000
1764115200001,0.00004038,87324.10000000
1764144000001,0.00005388,87897.61326087
1764172800000,-0.00000419,86926.52760145
1764201600013,-0.00002599,90440.10000000
1764230400000,0.00002408,91362.62505797
1764259200004,0.00004624,90913.00000000
1764288000008,0.00001771,91292.57118441
1764316800000,0.00006007,90877.60000000
1764345600008,-0.00001703,92310.68880810
1764374400000,-0.00001982,90847.80000000
1764403200005,0.00001778,90523.50000000
1764432000001,0.00002635,91029.90000000
1764460800003,0.00006082,90765.00000000
1764489600000,0.00003556,90924.60000000
1764518400004,0.00003880,91411.40000000
1764547200000,0.00003593,90327.18313043
1764576000004,0.00003153,86498.90961019
1764604800000,0.00001491,84650.79218841
1764633600004,-0.00001009,86251.64706522
1764662400000,0.00002643,86967.63789167
1764691200000,0.00003999,90816.89870290
1764720000000,-0.00001732,91249.10000000
1764748800000,0.00004206,92970.00000000
1764777600005,-0.00000885,92333.85671014
1764806400012,-0.00000395,93381.85158696
1764835200000,0.00007435,93361.06881884
1764864000011,0.00003928,92945.25542029
1764892800000,0.00004837,92036.81684783
1764921600000,0.00004944,92219.30000000
1764950400010,0.00000391,90414.13929710
1764979200001,0.00003693,89288.87393478
1765008000001,0.00001919,89549.60000000
1765036800008,-0.00001822,89713.40000000
1765065600000,0.00004192,89190.20000000
1765094400004,0.00001666,89337.94880435
1765123200000,0.00005212,89509.46367391
1765152000000,-0.00000539,90347.07469565
1765180800000,0.00006545,91519.80000000
1765209600001,0.00003395,89921.35480435
1765238400001,0.00000852,90610.70000000
1765267200001,0.00006379,90437.50000000
1765296000007,0.00005443,92667.54021739
1765324800007,0.00002777,92638.30000000
1765353600002,0.00001996,92744.70000000
1765382400012,0.00003205,92029.50025362
1765411200001,0.00002590,91981.25991304
1765440000000,-0.00001577,90231.40000000
1765468800000,0.00006100,89838.70794203
1765497600005,0.00006914,92479.80000000
1765526400007,0.00004698,92392.37302174
1765555200002,0.00003383,89905.28170290
1765584000001,0.00000121,90229.70000000
1765612800006,0.00006020,90282.74673913
1765641600000,0.00006041,90055.40000000
1765670400000,0.00010000,90197.00000000
1765699200003,0.00002898,90205.00000000
1765728000005,0.00003773,88985.20000000
1765756800000,0.00000190,88108.10000000
1765785600000,-0.00000893,89703.00000000
1765814400000,0.00003081,86995.88862819
1765843200002,0.00007467,86389.99156522
1765872000000,0.00001350,85964.20000000
1765900800002,0.00004089,87940.40000000
1765929600004,0.00006221,87826.30000000
1765958400000,0.00008987,87010.40000000
1765987200000,0.00005917,87198.30000000
1766016000005,0.00006230,86206.73265942
1766044800007,-0.00000867,86787.50000000
1766073600001,0.00008355,88487.00000000
1766102400000,0.00005491,85473.71590580
1766131200001,0.00010000,87913.90000000
1766160000000,0.00010000,87936.18100450
1766188800005,0.00010000,88100.05310870
1766217600000,0.00001234,88239.90000000
1766246400002,0.00007171,88134.60000000
1766275200000,0.00009682,88320.80000000
1766304000009,0.00008873,88141.44790580
1766332800000,0.00003977,88024.70000000
1766361600000,0.00004389,88621.30000000
1766390400005,0.00004524,89132.42109420
1766419200009,0.00006654,89688.50000000
1766448000000,0.00002633,88579.90000000
1766476800000,0.00005231,87531.60234783
1766505600001,0.00001795,87407.18552899
1766534400001,0.00010000,87463.00000000
1766563200001,0.00008455,86866.40000000
1766592000000,0.00005927,87017.48463043
1766620800000,0.00005953,87627.30000000
1766649600001,0.00007953,87795.90000000
1766678400005,0.00008322,88327.20000000
1766707200004,0.00004378,87185.69548551
1766736000001,0.00005427,88433.00000000
1766764800007,0.00010000,87100.00000000
1766793600000,0.00001809,87330.06670840
1766822400000,0.00002788,87490.90000000
1766851200011,0.00005850,87510.20000000
1766880000008,-0.00000036,87831.96938406
1766908800000,0.00007955,87697.84224167
1766937600000,0.00009464,87797.60000000
1766966400016,0.00010000,87920.50000000
1766995200001,0.00010000,89583.00000000
1767024000000,0.00004826,87643.76313043
1767052800005,0.00010000,87209.04473188
1767081600001,0.00004613,87457.50000000
1767110400003,0.00008345,88966.80000000
1767139200004,0.00002922,88455.30000000
1767168000001,0.00001453,88569.00000000
1767196800001,0.00003750,87909.00000000
1767225600008,0.00010000,87608.30000000
1767254400002,0.00010000,87603.80894203
1767283200001,0.00001711,87986.80000000
1767312000006,0.00005608,88799.90000000
1767340800007,0.00004219,88829.20000000
1767369600000,0.00004813,89373.00000000
1767398400001,0.00003110,89951.89852174
1767427200000,0.00001055,89535.90000000
1767456000000,0.00006938,89931.80000000
1767484800000,0.00009488,90595.85826667
1767513600000,0.00005813,91481.74876087
1767542400001,0.00004436,91295.09684783
1767571200000,0.00008893,91512.43532609
1767600000000,0.00005230,92492.27911544
1767628800000,0.00007723,93914.99367316
1767657600010,-0.00001376,93822.40000000
1767686400000,0.00002816,93208.62138406
1767715200000,0.00002691,93608.20000000
1767744000001,0.00006582,93708.00000000
1767772800001,0.00010000,92848.10000000
1767801600001,0.00002885,91303.20000000
1767830400001,0.00008693,91328.10000000
1767859200000,0.00010000,90509.90000000
1767888000000,0.00006436,90763.72410870
1767916800003,-0.00002813,91059.80000000
1767945600000,0.00007258,90712.20000000
1767974400001,0.00000218,91137.70000000
1768003200000,0.00005643,90604.03880833
1768032000002,0.00007657,90627.10000000
1768060800001,0.00006235,90622.70000000
1768089600003,0.00008744,90469.70000000
1768118400006,0.00004670,90664.86374094
1768147200000,0.00001667,90834.10000000
1768176000005,0.00001813,90976.60000000
1768204800000,0.00002902,91369.30000000
1768233600000,0.00004650,91625.10000000
1768262400007,0.00002245,91254.18296377
1768291200009,0.00009838,91920.87575362
1768320000002,0.00003445,93407.90000000
1768348800000,0.00000129,95375.20000000
1768377600001,0.00002497,95170.48131159
1768406400004,0.00004076,96691.90000000
1768435200000,-0.00000367,96908.00000000
1768464000004,0.00001749,96606.62814493
1768492800002,0.00001526,96750.47456522
1768521600000,0.00007340,95567.40000000
1768550400000,0.00007337,95608.30000000
1768579200001,0.00002495,94537.50000000
1768608000000,-0.00000178,95503.70000000
1768636800000,0.00003007,95061.58289855
1768665600002,0.00002976,95529.00000000
1768694400001,0.00003503,95108.62485833
1768723200000,0.00009616,94989.90000000
1768752000000,0.00006571,95072.97801667
1768780800007,0.00003473,93614.00000000
1768809600007,0.00001943,92788.73004348
1768838400007,0.00002494,93017.11165217
1768867200005,0.00009819,92590.59439855
1768896000001,0.00006626,91136.10000000
1768924800009,0.00005652,90652.79605072
1768953600001,0.00010000,88390.60000000
1768982400011,0.00006055,89180.30531159
1769011200011,0.00002410,90237.20000000
1769040000010,0.00006355,89419.48837681
1769068800003,0.00005110,89772.50000000
1769097600005,0.00009419,88978.66202899
1769126400005,0.00005090,89518.50000000
1769155200000,0.00003390,89509.13183333
1769184000011,0.00006968,89713.00000000
1769212800011,0.00001531,89558.70000000
1769241600002,0.00008909,89583.14050000
1769270400001,0.00003901,89237.32462519
1769299200002,0.00001336,89181.09492029
1769328000011,0.00008051,88630.90404348
1769356800005,0.00004917,88406.00000000
1769385600000,0.00004067,86629.00000000
1769414400003,0.00002847,87969.00000000
1769443200000,0.00005606,87609.50000000
1769472000002,0.00004267,88301.36701449
1769500800000,0.00006028,88290.49133841
1769529600000,0.00007503,88009.15772864
1769558400000,0.00006237,89203.89821739
1769587200000,0.00006174,89106.90000000
1769616000000,0.00003830,89446.72848576
1769644800000,0.00007210,89262.92891304
1769673600009,0.00005856,88310.90000000
1769702400000,0.00004023,84898.27826087
1769731200008,0.00004478,84617.11086232
1769760000000,0.00001714,82778.82526087
1769788800001,0.00000310,82853.51839855
1769817600000,0.00009693,84213.96525362
1769846400001,0.00003548,83514.40000000
1769875200009,0.00006585,81275.68205797
1769904000001,-0.00003267,78701.59597101
1769932800004,0.00003421,78320.90000000
1769961600000,0.00001722,77563.80000000
1769990400000,0.00000068,76931.60000000
1770019200014,-0.00003043,76609.90000000
1770048000000,-0.00005713,78800.60000000
1770076800000,-0.00002203,78698.62801349
1770105600007,0.00002245,78745.60000000
1770134400000,-0.00000465,78099.52176087
1770163200002,0.00000119,75732.40000000
1770192000007,0.00003551,76478.90000000
1770220800000,0.00004618,74101.90000000
1770249600011,0.00009173,73153.90000000
1770278400000,0.00000298,70710.74360570
1770307200007,-0.00004957,67455.49563043
1770336000000,-0.00001597,62887.14150000
1770364800001,-0.00013688,64791.40000000
1770393600000,-0.00013478,68574.00000000
1770422400003,-0.00015178,70544.40000000
1770451200000,-0.00008326,68067.00000000
1770480000010,-0.00002907,69122.10000000
1770508800003,-0.00003403,69254.20000000
1770537600000,-0.00003546,69667.50000000
1770566400000,-0.00004864,71152.60000000
1770595200002,-0.00003075,70304.73338406
1770624000001,0.00001846,70393.40000000
1770652800007,-0.00004284,69538.50000000
1770681600000,-0.00008798,70110.60000000
1770710400007,-0.00004829,68882.10000000
1770739200000,-0.00008816,69252.90000000
1770768000000,0.00001400,68805.30000000
1770796800006,-0.00008417,67000.00000000
1770825600000,-0.00001169,66489.40000000
1770854400000,-0.00001381,67072.20000000
1770883200001,0.00003499,67200.19716739
1770912000001,-0.00001728,67103.70000000
1770940800007,0.00005834,66243.20000000
1770969600003,0.00000716,66184.59749275
1770998400005,-0.00001274,68652.40000000
1771027200002,0.00001291,68853.38406522
1771056000004,0.00003174,69182.52364493
1771084800002,-0.00003094,69754.10000000
1771113600000,-0.00001068,69795.40000000
1771142400002,0.00004664,70784.00000000
1771171200000,-0.00002371,69068.10000000
1771200000001,0.00002659,68798.30000000
1771228800003,-0.00003277,68554.37742754
1771257600000,-0.00004112,67505.50000000
1771286400008,0.00005883,68862.55130435
1771315200001,0.00002672,68353.40000000
1771344000002,0.00005077,67363.50000000
1771372800000,0.00003215,67475.90000000
1771401600000,-0.00000141,68078.40000000
1771430400011,0.00003604,67672.63710870
1771459200013,-0.00004014,66430.40573913
1771488000000,0.00002686,67182.87271014
1771516800003,-0.00003052,66367.72373188
1771545600000,0.00005365,66974.00000000
1771574400000,0.00001302,67794.70000000
1771603200000,-0.00000671,67551.95540580
1771632000004,0.00004456,67988.82876812
1771660800000,0.00002485,67821.00000000
1771689600005,0.00003235,68583.28794603
1771718400001,0.00000730,67958.92213768
1771747200004,0.00000042,67974.33214493
1771776000000,0.00004972,67660.00000000
1771804800001,0.00006946,67613.60000000
1771833600000,-0.00009317,65915.80000000
1771862400000,0.00002251,65638.07392029
1771891200007,0.00005706,64630.15072464
1771920000000,-0.00001193,63164.80000000
1771948800001,-0.00000182,63936.83454348
1771977600001,0.00002375,64031.30000000
1772006400007,0.00000033,65002.83121739
1772035200000,-0.00000968,67376.31104348
1772064000000,-0.00001998,67953.96802174
1772092800006,-0.00001128,67799.90000000
1772121600002,0.00004007,67353.40000000
1772150400007,-0.00000991,67448.50202899
1772179200000,-0.00008123,67650.26318841
1772208000001,-0.00000656,66073.37640930
1772236800000,0.00004041,65839.41943778
1772265600000,-0.00003727,63790.80000000
1772294400004,-0.00004305,64801.17139855
1772323200005,-0.00000688,66952.93531159
1772352000000,0.00004563,67113.90000000
1772380800002,0.00002948,66802.60000000
1772409600001,-0.00000299,65749.90000000
1772438400007,-0.00001956,65981.30000000
1772467200000,-0.00001083,69089.10000000
1772496000000,-0.00000186,68801.80000000
1772524800000,0.00001437,68138.30000000
1772553600007,0.00001481,67723.07507496
1772582400001,-0.00005390,68299.92479710
1772611200005,0.00002520,69469.27951449
1772640000000,0.00004683,73345.00000000
1772668800000,0.00003567,72641.30000000
1772697600000,0.00004965,72021.33210145
1772726400004,0.00000174,71608.50000000
1772755200001,0.00001689,70860.02442029
1772784000001,-0.00003061,71026.80000000
1772812800004,-0.00002176,68469.42278261
1772841600001,0.00000619,68094.46161594
1772870400012,0.00003525,67809.40000000
1772899200001,-0.00004217,67844.90000000
1772928000001,-0.00004496,67232.20000000
1772956800000,-0.00001115,67287.74237681
1772985600002,-0.00002868,67176.51471014
1773014400000,-0.00005770,65935.34171664
1773043200004,-0.00004579,67505.08897101
1773072000003,-0.00003431,68842.62088406
1773100800012,-0.00002394,68398.94584783
1773129600002,0.00001230,70374.60000000
1773158400001,0.00001738,71303.55932609
1773187200000,-0.00011052,69906.39643478
1773216000007,-0.00005252,69622.20000000
1773244800010,-0.00005824,70186.90000000
1773273600000,-0.00007802,70150.00000000
1773302400000,-0.00005392,69793.59004348
1773331200000,-0.00007381,70285.70086232
1773360000006,-0.00002789,70487.01187681
1773388800001,0.00004263,71585.20000000
1773417600000,-0.00000638,71801.52278986
1773446400001,-0.00000379,70895.60000000
1773475200000,-0.00003988,70565.70000000
1773504000007,-0.00004851,70556.44462101
1773532800000,-0.00001883,71174.40000000
1773561600000,-0.00006461,71421.70264618
1773590400000,0.00002659,71444.50000000
1773619200000,0.00002513,72778.90000000
1773648000010,0.00007139,73427.80000000
1773676800000,0.00002015,73241.19793478
1773705600000,0.00000241,74854.37298551
1773734400002,-0.00002505,74212.70000000
1773763200011,-0.00001260,73882.60358696
1773792000002,-0.00006569,73872.40000000
1773820800002,-0.00004813,73840.08823913
1773849600005,0.00002418,71438.64453523
1773878400000,-0.00000974,71208.72342754
1773907200003,-0.00003012,70147.53643478
1773936000003,0.00001205,69372.70000000
1773964800002,0.00000625,69895.06080435
1773993600000,0.00000753,70811.90000000
1774022400000,-0.00000223,69838.04147826
1774051200000,-0.00001493,70475.05032609
1774080000000,-0.00000738,70681.53331884
1774108800014,0.00001093,70599.10000000
1774137600012,0.00000806,68881.72855072
1774166400007,-0.00004425,68884.40000000
1774195200002,-0.00006837,68819.80918841
1774224000000,-0.00002079,67834.34094203
1774252800003,-0.00002863,68290.80000000
1774281600002,0.00000160,70112.20000000
1774310400000,0.00004229,70868.68562319
1774339200000,0.00003675,71264.00000000
1774368000003,0.00003056,69842.40000000
1774396800000,0.00002310,70525.82657246
1774425600000,0.00001074,70899.90000000
1774454400013,0.00004721,70803.40069565
1774483200001,0.00002448,71297.60000000
1774512000001,0.00001379,70053.80000000
1774540800000,-0.00002103,69060.70000000
1774569600006,0.00002925,68788.10000000
1774598400000,-0.00006298,68496.90000000
1774627200000,-0.00005841,66091.90000000
1774656000005,-0.00008088,66364.20000000
1774684800005,-0.00007604,66523.62176812
1774713600000,-0.00000173,66998.71209420
1774742400003,-0.00003680,66337.79104948
1774771200001,-0.00000012,66633.22935507
1774800000000,0.00002677,66500.00000000
1774828800000,0.00000300,65973.40000000
1774857600005,0.00000492,67596.69581884
1774886400000,0.00000758,67595.59310345
1774915200000,0.00000116,66764.40000000
1774944000000,-0.00001921,67343.90000000
1774972800000,-0.00002763,66700.00000000
1775001600000,-0.00003449,68243.29673913
1775030400000,-0.00000461,68668.60000000
1775059200000,0.00000577,68876.81806522
1775088000003,0.00003521,68086.50000000
1775116800001,0.00000845,66888.20861594
1775145600001,-0.00007398,66819.54021739
1775174400000,-0.00000831,66869.74346667
1775203200008,-0.00000599,67008.70000000
1775232000008,0.00000351,66809.33805072
1775260800000,0.00003761,66930.00000000
1775289600003,0.00004115,66983.97256934
1775318400000,0.00001651,67357.30000000
1775347200008,0.00002407,67271.00000000
1775376000000,0.00003812,66787.40000000
1775404800001,0.00001889,67278.50018741
1775433600004,0.00007073,68997.40000000
1775462400001,0.00005544,69087.63507246
1775491200003,0.00000423,69925.85927536
1775520000000,-0.00000315,68822.20000000
1775548800000,0.00003703,68594.77686657
1775577600000,0.00007393,68141.01094203
1775606400000,0.00006020,71907.34283333
1775635200000,0.00001563,71612.10000000
1775664000006,0.00004048,71275.77918841
1775692800000,-0.00000147,71038.10000000
1775721600010,0.00005239,70945.00000000
1775750400001,-0.00001986,72108.00000000
1775779200000,0.00000411,71755.54984058
1775808000005,0.00002458,71461.20000000
1775836800000,-0.00002187,72415.70000000
1775865600000,-0.00007225,72917.40000000
1775894400000,-0.00006083,72707.70000000
1775923200003,-0.00006755,72818.86697826
1775952000000,-0.00008108,73013.40000000
1775980800000,-0.00003690,71628.10000000
1776009600000,-0.00000335,70856.20000000
1776038400011,-0.00000234,70709.40000000
1776067200006,-0.00000183,70780.10000000
1776096000000,-0.00005409,71823.70000000
1776124800005,-0.00005854,74386.50000000
1776153600003,0.00002732,74513.40000000
1776182400001,-0.00005234,75274.90000000
1776211200000,-0.00009313,74106.90000000
1776240000000,-0.00005085,73705.20000000
1776268800000,-0.00007151,73811.00873913
1776297600013,-0.00003418,74776.20000000
1776326400000,-0.00002841,74667.70000000
1776355200000,-0.00002225,74659.57926087
1776384000001,0.00003297,75115.14794928
1776412800011,0.00002781,75047.40000000
1776441600001,-0.00010789,77734.40000000
1776470400001,-0.00008098,77044.79824638
